patient_id,patient_first_name,patient_last_name,SSN,email,gender,age,Primary hospital,Payer_ID,Payer_customer_ID
1,Basia,Ervine,508-70-8764,bervine0@skype.com,Female,31,Cogidoo,122,66496
2,Sollie,Clear,713-10-3049,sclear1@google.it,Male,58,Roodel,122,11010
3,Boyd,Mattaser,364-40-5962,bmattaser2@jigsy.com,Male,87,Gabtune,122,66636
4,Jyoti,Scarth,596-23-0910,jscarth3@wsj.com,Female,41,Zava,122,60589
5,Tad,Sapena,691-51-7147,tsapena4@businessinsider.com,Male,70,Cogidoo,122,8812
6,Neel,Laird,432-31-1973,nlaird5@auda.org.au,Male,19,Kazu,123,98114
7,Alexis,Barstow,591-21-0472,abarstow6@creativecommons.org,Female,7,Edgeblab,122,34950
8,Maddalena,Oguz,578-64-0378,moguz7@thetimes.co.uk,Female,70,Izio,122,3033
9,Sharlene,Giroldo,323-69-5247,sgiroldo8@state.gov,Female,73,Chatterbridge,123,47618
10,Joan,Soane,803-68-5240,jsoane9@4shared.com,Female,40,Lazz,123,70153
11,Kele,Vlach,192-46-0743,kvlacha@weebly.com,Male,66,Linkbridge,122,48101
12,Daren,Goodin,822-65-2064,,Male,18,Linkbuzz,123,87534
13,Dedie,Bail,734-71-1215,dbailc@oracle.com,Female,5,Oba,122,87109
14,Brietta,Pirolini,144-02-4071,bpirolinid@cbsnews.com,Female,35,Wordpedia,123,9287
15,Hort,Derington,372-86-1137,hderingtone@dailymail.co.uk,Male,69,Innojam,123,18080
16,Alyse,Tomkys,645-34-4577,atomkysf@reference.com,Female,92,Quinu,123,83127
17,Wenona,Lealle,656-82-0253,wlealleg@live.com,Female,40,Voonte,123,93429
18,Gerianna,Backwell,482-23-1667,gbackwellh@nih.gov,Female,85,Skivee,123,76520
19,Eddy,Barney,797-36-4684,,Male,34,Shuffletag,122,28227
20,Dennie,Kilbourn,845-66-3550,,Female,39,Gigabox,123,20150
21,Bryna,Collacombe,231-21-3693,,Female,12,Skilith,123,20147
22,Berget,Mealiffe,229-42-0988,bmealiffel@google.cn,Female,99,Voolia,122,53309
23,Baily,Fassmann,754-12-6977,bfassmannm@homestead.com,Male,44,Photospace,122,45711
24,Hanni,Rowell,119-15-1475,hrowelln@i2i.jp,Female,80,Oyondu,123,88770
25,Wainwright,Fulep,298-64-5725,,Male,3,Feedbug,123,46935
26,Winny,Wratten,587-18-1873,wwrattenp@over-blog.com,Female,41,Youspan,122,99617
27,Alberto,Probbing,800-30-9578,aprobbingq@blinklist.com,Male,30,Brainbox,122,57070
28,Neala,Trevorrow,881-32-9029,ntrevorrowr@discuz.net,Female,22,Realpoint,122,51451
29,Stewart,Satterly,626-73-3426,ssatterlys@samsung.com,Male,78,Photolist,123,26202
30,Elliot,Cochran,516-74-8515,ecochrant@csmonitor.com,Male,23,Avamm,123,9440
31,Barbabra,Pinsent,230-96-6534,bpinsentu@mail.ru,Female,37,Browsebug,122,48485
32,Darell,Godridge,534-99-4120,dgodridgev@merriam-webster.com,Female,87,Fivechat,123,98443
33,Ray,Lillgard,297-36-6750,rlillgardw@wired.com,Female,47,Eayo,123,38286
34,Quentin,Igounet,247-79-2568,qigounetx@salon.com,Female,3,Yodel,122,19157
35,Idell,Ofield,829-72-8017,iofieldy@example.com,Female,16,Devcast,123,6288
36,Cirilo,Sandeson,356-25-8634,csandesonz@sina.com.cn,Male,25,Fivechat,123,85113
37,Staford,Woollcott,302-85-1486,swoollcott10@bloglines.com,Male,81,Meeveo,122,40161
38,Lissi,Dries,407-64-7168,ldries11@irs.gov,Female,67,Buzzster,123,70481
39,Neilla,Samart,776-81-6536,nsamart12@washingtonpost.com,Female,26,Ntag,122,16864
40,Agustin,Gyse,672-09-6595,agyse13@desdev.cn,Male,27,Trunyx,123,66908
41,Freedman,Hindge,708-15-0804,fhindge14@tmall.com,Male,65,Agimba,122,56304
42,Davita,Fields,295-69-7520,dfields15@topsy.com,Female,87,Leenti,122,92040
43,Charlie,Matura,182-29-6099,cmatura16@google.cn,Male,32,DabZ,123,8648
44,Hubert,Gillmore,708-27-9049,hgillmore17@joomla.org,Male,52,Topiczoom,122,54141
45,Patten,Brekonridge,637-25-4760,pbrekonridge18@360.cn,Male,37,Skalith,122,69946
46,Caprice,Duns,284-07-8451,cduns19@github.com,Female,97,Innojam,123,99191
47,Hillary,Allsebrook,212-14-6549,,Female,72,Pixonyx,123,35410
48,Sidoney,Juares,356-24-2373,sjuares1b@about.com,Female,23,Shufflester,123,93576
49,Jeri,Petrus,245-48-5838,jpetrus1c@abc.net.au,Female,11,Bluezoom,122,85971
50,Lewes,Piatkow,824-08-2547,lpiatkow1d@chron.com,Male,23,Yakitri,122,51420
51,Dennie,Rijkeseis,656-31-3532,drijkeseis1e@independent.co.uk,Male,62,Youspan,123,27539
52,Benjie,De Gowe,712-05-8320,bdegowe1f@comcast.net,Male,10,Meeveo,123,95532
53,Tracie,Aupol,458-57-2493,,Female,87,Abata,123,23593
54,Samara,Akister,266-96-9772,sakister1h@gov.uk,Female,61,Flashspan,123,92335
55,Lewes,Alldis,626-18-4402,lalldis1i@bravesites.com,Male,67,Voonyx,123,87852
56,Halette,Nibloe,494-34-7196,hnibloe1j@sciencedaily.com,Female,28,Omba,122,41350
57,Celinka,Todari,322-10-1846,ctodari1k@vimeo.com,Female,25,Brightbean,122,86591
58,Batholomew,Kempshall,486-79-3414,bkempshall1l@usatoday.com,Male,50,Roombo,123,45569
59,Tamqrah,Mantha,876-70-4339,tmantha1m@usa.gov,Female,16,Realfire,122,21142
60,Lilyan,Crocket,352-94-6125,lcrocket1n@google.ru,Female,88,Twitterbeat,123,62909
61,Bear,Roblou,633-01-3442,broblou1o@hibu.com,Male,65,Voonte,122,87356
62,Wynn,Jakubovicz,183-84-6700,wjakubovicz1p@unblog.fr,Male,30,Devbug,122,29128
63,Klarika,Farress,846-63-1555,kfarress1q@opensource.org,Female,5,Brainbox,122,23370
64,Burk,Stamps,339-74-0560,bstamps1r@huffingtonpost.com,Male,63,Yakijo,122,99067
65,Tobiah,Insall,516-88-4984,tinsall1s@who.int,Male,97,Camimbo,122,70305
66,Farrel,Todarello,592-79-7036,ftodarello1t@apple.com,Male,5,Viva,123,55152
67,Romonda,Pillans,180-85-4322,rpillans1u@mapy.cz,Female,11,Devshare,123,96731
68,Melosa,Alliband,632-56-6646,malliband1v@yellowbook.com,Female,70,Feednation,123,78075
69,Brigham,Birdsall,179-66-1900,bbirdsall1w@wiley.com,Male,87,Vimbo,122,90763
70,Base,Ormiston,178-81-2790,,Male,86,Dynabox,122,20987
71,Abram,Cornil,454-29-7227,acornil1y@reuters.com,Male,21,Feedfish,122,79377
72,Annabela,Dignum,221-92-6579,,Female,62,Dabfeed,123,58360
73,Bev,Astlatt,816-47-9680,bastlatt20@google.co.jp,Male,52,JumpXS,123,63242
74,Aldridge,Berndt,420-15-5889,aberndt21@1und1.de,Male,64,Digitube,123,51248
75,Emmaline,Cratchley,102-11-7696,ecratchley22@aboutads.info,Female,75,Quaxo,122,78233
76,Therine,Buckthorpe,260-74-7562,tbuckthorpe23@naver.com,Female,7,Twiyo,122,24790
77,Krista,Sommerfeld,185-58-7735,ksommerfeld24@globo.com,Female,26,Photobug,122,40971
78,Berkly,Guerrieri,804-54-8848,bguerrieri25@phpbb.com,Male,72,Vitz,123,58945
79,Jody,Waddingham,230-63-7381,jwaddingham26@netlog.com,Male,21,Eadel,122,52116
80,Hebert,Soda,491-05-0122,hsoda27@cnet.com,Male,27,Voolia,122,72864
81,Thorny,Leming,288-61-7773,tleming28@liveinternet.ru,Male,92,Edgeclub,122,57853
82,Lloyd,Greetham,107-95-0781,,Male,3,Twinte,123,44783
83,Demetris,Claypool,103-94-8443,dclaypool2a@phpbb.com,Male,11,Skinix,122,78800
84,Evonne,Gudge,308-38-3446,egudge2b@utexas.edu,Female,14,Ainyx,123,91695
85,Mahmoud,Americi,444-98-8576,,Male,85,Jayo,123,74390
86,Norma,Burnet,147-84-8497,nburnet2d@sakura.ne.jp,Female,82,Mynte,122,23304
87,Nathalie,Catonne,479-16-7911,ncatonne2e@archive.org,Female,64,Brainverse,122,16581
88,Erwin,Pollastro,329-70-2461,,Male,29,Babbleset,123,81418
89,Inessa,Dumingo,760-85-6634,idumingo2g@zimbio.com,Female,1,Yodel,122,19703
90,Lyn,Leander,723-79-0943,lleander2h@examiner.com,Female,98,Podcat,123,99008
91,Roscoe,Winks,838-45-1114,,Male,97,Quamba,122,30167
92,Johnette,Pfeiffer,626-46-9381,jpfeiffer2j@utexas.edu,Female,53,Jetpulse,122,22476
93,Elwin,Garrattley,197-20-9394,,Male,20,Blognation,123,11746
94,Hailey,Satteford,677-87-7502,,Male,12,Tavu,122,82503
95,Thorndike,Creffield,466-13-9622,tcreffield2m@1688.com,Male,24,Jabbersphere,122,89306
96,Lishe,Ranklin,594-10-9733,lranklin2n@alibaba.com,Female,92,Blognation,123,24135
97,Felicle,Rodolico,256-82-0441,frodolico2o@bloglines.com,Female,94,Mycat,122,27012
98,Keene,Swanborough,450-42-9847,,Male,50,Youtags,122,7627
99,Toddy,Lambart,811-34-0872,tlambart2q@whitehouse.gov,Male,94,Riffpedia,122,53382
100,Fenelia,Farge,669-48-2935,ffarge2r@fotki.com,Female,32,Quatz,123,51841
101,Adria,O'Rafferty,657-87-3411,aorafferty2s@amazonaws.com,Female,12,Fatz,122,24186
102,Bidget,Frunks,634-29-4073,bfrunks2t@istockphoto.com,Female,71,Avaveo,123,49991
103,Daphne,Kach,288-21-9582,dkach2u@myspace.com,Female,55,Flashset,122,99040
104,Corbett,Drew-Clifton,473-83-1597,cdrewclifton2v@aboutads.info,Male,1,Fivebridge,122,332
105,Coop,Exelby,809-47-4958,cexelby2w@cam.ac.uk,Male,73,Photojam,122,39239
106,Anallise,O'Sherrin,345-11-4534,aosherrin2x@guardian.co.uk,Female,93,Npath,122,46831
107,Cathrin,Anderson,220-19-6618,canderson2y@msn.com,Female,96,Zazio,122,91536
108,Barbabas,Loughton,869-04-1994,bloughton2z@youtube.com,Male,97,Vinte,123,20770
109,Lynsey,Sprules,794-73-2909,lsprules30@parallels.com,Female,67,Zooveo,122,59018
110,Tarrance,Connow,639-10-5843,tconnow31@mozilla.com,Male,13,Gabspot,122,40371
111,Homerus,Andrusyak,280-50-3070,handrusyak32@goo.ne.jp,Male,58,Cogibox,123,53873
112,Berkie,Mardle,568-26-7103,bmardle33@mac.com,Male,63,Leenti,123,88969
113,Olenka,Chaman,204-41-6565,ochaman34@drupal.org,Female,42,Skimia,122,50447
114,Lyda,Woodroff,760-01-7638,lwoodroff35@aol.com,Female,25,Thoughtworks,123,49096
115,Calli,Margaritelli,285-30-9336,cmargaritelli36@google.es,Female,15,Vidoo,123,25265
116,Ross,Vercruysse,234-48-9129,rvercruysse37@bandcamp.com,Male,76,Fadeo,123,56323
117,Aviva,Pankethman,779-63-8564,,Female,54,Trudoo,123,43504
118,Noah,Essex,236-04-3926,nessex39@addtoany.com,Male,67,Eire,122,75
119,Jacklin,Powton,747-80-5346,,Female,76,Gabtune,123,77520
120,Rancell,Sparham,728-15-4928,rsparham3b@linkedin.com,Male,18,Skiba,123,3973
121,Armand,Stripling,212-55-4324,astripling3c@senate.gov,Male,25,Skidoo,123,56401
122,Channa,Sueter,403-08-6711,csueter3d@dailymail.co.uk,Female,59,Bluejam,122,15900
123,Fowler,Patullo,138-82-5644,,Male,37,Demivee,122,30439
124,Daveta,Benion,675-30-7956,dbenion3f@deviantart.com,Female,7,Gigashots,122,67093
125,Friederike,Rappa,844-54-2293,frappa3g@usatoday.com,Female,48,Flashdog,123,17942
126,Cullie,Honnicott,733-53-0647,chonnicott3h@spiegel.de,Male,55,Brightbean,123,37283
127,Cassandra,McParland,566-62-9027,cmcparland3i@ezinearticles.com,Female,25,Zoombeat,122,34553
128,Darrelle,Myhan,219-66-5447,dmyhan3j@flavors.me,Female,90,Mycat,122,87831
129,Julius,Walesby,660-43-6729,jwalesby3k@addtoany.com,Male,91,Kazu,123,78072
130,Nial,Bullan,483-33-2365,nbullan3l@ehow.com,Male,94,Abata,122,165
131,Kirsti,McEvoy,557-66-2068,kmcevoy3m@webs.com,Female,83,Wikibox,123,96330
132,Lindy,Sobieski,411-54-7386,lsobieski3n@people.com.cn,Female,88,Quamba,122,76573
133,Mona,Kebell,545-73-4621,mkebell3o@blogs.com,Female,90,Dabfeed,123,57406
134,Gunther,Fretter,179-66-2670,,Male,50,Quimm,123,57553
135,Bay,Nutton,275-88-8978,bnutton3q@stanford.edu,Male,57,Gigaclub,122,98698
136,Wes,Heigold,317-33-7088,wheigold3r@cmu.edu,Male,80,Fivebridge,123,68046
137,Amandie,Frane,690-38-8621,afrane3s@ezinearticles.com,Female,65,Riffpedia,123,34302
138,Josey,Tyas,140-78-0183,,Female,92,Jabberstorm,123,77010
139,Margarette,Stert,231-08-1278,mstert3u@dyndns.org,Female,69,Ozu,122,62012
140,Kelvin,Oldridge,115-94-2457,koldridge3v@si.edu,Male,28,LiveZ,122,43511
141,Edmund,Springtorpe,389-39-8007,,Male,90,Shuffledrive,123,23422
142,Lin,Brew,193-96-0035,lbrew3x@ucla.edu,Male,3,Skyble,122,80140
143,Caril,McKmurrie,745-98-3546,cmckmurrie3y@hostgator.com,Female,4,Twimm,122,44362
144,Pauly,Dowsey,895-96-9367,pdowsey3z@aol.com,Female,29,Innotype,122,91493
145,Vivie,Cords,335-01-0240,vcords40@bbc.co.uk,Female,67,Skinder,122,57104
146,Nancie,Sudlow,875-27-7471,nsudlow41@cnbc.com,Female,66,Vipe,123,17792
147,Alf,Ackred,892-37-0003,aackred42@fc2.com,Male,36,Roombo,123,28145
148,Giana,Guye,465-64-8266,gguye43@nifty.com,Female,54,Realblab,122,96891
149,Nil,Randall,109-66-8403,nrandall44@wired.com,Male,34,Livepath,122,27170
150,Valentijn,Waterfall,345-14-5177,vwaterfall45@ucsd.edu,Male,57,Youopia,123,49014
151,Belle,Erlam,259-42-3711,berlam46@auda.org.au,Female,99,Aibox,122,64891
152,Lizzie,Sellack,479-67-4581,lsellack47@diigo.com,Female,100,Yoveo,122,33004
153,Rodolfo,Furse,685-54-1982,rfurse48@bloglovin.com,Male,92,Fivespan,123,4220
154,Osbert,Weins,214-27-0064,oweins49@facebook.com,Male,82,Oodoo,123,53987
155,Shela,Hadcock,753-84-0804,shadcock4a@lulu.com,Female,97,Jaxspan,122,94154
156,Mal,Roget,421-63-4173,mroget4b@hatena.ne.jp,Male,2,Browsecat,123,96395
157,Cobb,Kiddell,704-91-6484,ckiddell4c@chicagotribune.com,Male,30,Tagchat,122,97086
158,Anderson,Sand,172-43-0759,asand4d@soundcloud.com,Male,76,Agimba,122,8101
159,Conrado,Czadla,215-50-0710,cczadla4e@angelfire.com,Male,15,Divanoodle,122,54960
160,Arther,Sherrard,447-39-6805,asherrard4f@wufoo.com,Male,67,Zoomzone,122,70068
161,Derk,Danat,821-42-2299,ddanat4g@alibaba.com,Male,97,Zoovu,123,79233
162,Mack,Catlette,686-96-3852,mcatlette4h@slashdot.org,Male,62,Yacero,122,48259
163,Felecia,Bindley,537-71-5247,fbindley4i@jalbum.net,Female,74,Zooveo,122,51628
164,Brandi,Dawtrey,679-83-7714,bdawtrey4j@github.com,Female,25,Pixonyx,123,49923
165,Farris,Loades,490-32-5461,floades4k@aboutads.info,Male,74,Abata,123,86057
166,Alice,Swaisland,700-56-4628,aswaisland4l@europa.eu,Female,68,Zoombox,123,88200
167,Delphine,Kippie,114-36-1794,dkippie4m@whitehouse.gov,Female,65,Zoombox,123,96176
168,Terrel,Mattosoff,536-53-4464,tmattosoff4n@craigslist.org,Male,78,Jabbercube,122,78453
169,Sonnie,Callam,673-70-4229,scallam4o@oracle.com,Male,2,Oyoba,122,62199
170,Waldo,Trett,153-21-1350,,Male,24,Kare,122,14800
171,Filmer,Durrance,212-10-2333,fdurrance4q@diigo.com,Male,20,Wikibox,122,16967
172,Jessie,Deelay,431-82-4368,jdeelay4r@xinhuanet.com,Male,84,Centimia,122,53787
173,Tasia,Archibald,126-85-8724,tarchibald4s@addtoany.com,Female,78,Midel,122,13712
174,Sonia,Fleeming,876-46-6078,sfleeming4t@themeforest.net,Female,37,Layo,122,82949
175,Donelle,Kielty,883-23-0213,dkielty4u@acquirethisname.com,Female,14,Flipstorm,123,25695
176,Sibylla,Delucia,782-15-8993,sdelucia4v@google.ca,Female,5,Mybuzz,123,78468
177,Saunder,Fishe,268-11-3005,sfishe4w@odnoklassniki.ru,Male,14,Dabfeed,123,82457
178,Erie,Serraillier,360-03-8702,eserraillier4x@vk.com,Male,9,Centizu,123,94126
179,Cash,Hawkswell,191-58-0099,chawkswell4y@berkeley.edu,Male,14,Skinte,123,77676
180,Karola,Walsham,458-08-2796,kwalsham4z@dagondesign.com,Female,55,Shuffledrive,123,2672
181,Beilul,Dugdale,437-27-1765,bdugdale50@youtube.com,Female,20,Gabvine,123,52342
182,Winny,Gerholz,875-24-1284,wgerholz51@dagondesign.com,Male,28,Skippad,122,67978
183,Stormie,Kissick,885-18-6489,skissick52@indiatimes.com,Female,71,LiveZ,123,19142
184,Monique,Wreath,217-83-4468,mwreath53@auda.org.au,Female,64,Photolist,123,88228
185,Sheena,Krabbe,454-84-9368,skrabbe54@fema.gov,Female,36,Bubbletube,123,1585
186,Franky,Daughtry,327-80-3785,fdaughtry55@jiathis.com,Female,74,Lajo,123,92065
187,Arielle,Beeble,216-16-5026,abeeble56@mit.edu,Female,75,Gabtune,122,13244
188,Verile,Laslett,326-37-3925,vlaslett57@omniture.com,Female,40,Twinte,123,59379
189,Ferdie,Lamble,561-54-8216,flamble58@issuu.com,Male,86,Yozio,122,49076
190,Conny,Malkie,517-87-4186,cmalkie59@china.com.cn,Female,60,Voomm,123,50184
191,Marget,Repp,668-86-6893,mrepp5a@shop-pro.jp,Female,46,Lajo,123,34818
192,Brina,McLucas,100-25-3024,bmclucas5b@dion.ne.jp,Female,36,Dabjam,123,52278
193,Woody,Burk,220-05-4057,wburk5c@cmu.edu,Male,47,Edgewire,122,6595
194,Samson,Fetherston,549-10-8085,sfetherston5d@hubpages.com,Male,43,Realcube,122,80966
195,Patricio,Olivier,130-21-5150,polivier5e@theatlantic.com,Male,28,Demizz,122,18301
196,Inna,Orford,717-23-9556,iorford5f@ezinearticles.com,Female,11,Demimbu,122,87275
197,Jean,Facchini,472-36-5244,jfacchini5g@examiner.com,Male,27,Lazz,123,71264
198,Geraldine,Rasp,332-35-1270,,Female,66,Avamba,123,38705
199,Tobye,Pley,471-77-4311,tpley5i@wikispaces.com,Female,80,Kwideo,123,71543
200,Calley,Burnett,807-08-2413,cburnett5j@wunderground.com,Female,3,Brainbox,122,87661
201,Harcourt,Healey,239-72-5074,hhealey5k@hud.gov,Male,69,Lazz,123,90201
202,Ruperto,Caveill,576-48-6712,rcaveill5l@wiley.com,Male,10,Twimm,122,47710
203,Dael,Harvison,718-58-5523,dharvison5m@typepad.com,Male,69,Thoughtblab,123,11877
204,Deonne,Everix,322-98-9322,deverix5n@so-net.ne.jp,Female,100,Buzzdog,122,74963
205,Cosette,Mixer,356-56-7257,,Female,6,Topicshots,123,22929
206,Francois,Tullett,272-75-6688,ftullett5p@uol.com.br,Male,42,Camimbo,122,31537
207,Catriona,Noni,149-83-2594,cnoni5q@gnu.org,Female,10,Katz,123,64372
208,Oliver,McCamish,607-78-5441,omccamish5r@purevolume.com,Male,91,Jetwire,122,9451
209,Gardner,Piggins,189-41-9530,gpiggins5s@constantcontact.com,Male,10,Podcat,122,84551
210,Kristin,Adenot,885-17-2872,kadenot5t@deviantart.com,Female,67,Meevee,123,3469
211,Filmer,todor,337-11-2938,ftodor5u@ow.ly,Male,96,Cogidoo,122,35039
212,Melli,Desporte,761-37-3688,mdesporte5v@dailymotion.com,Female,89,Thoughtmix,123,52179
213,Ray,Keenor,199-44-0770,rkeenor5w@yahoo.com,Female,77,Thoughtbeat,122,82055
214,Kellen,Lambeth,841-08-4384,klambeth5x@usatoday.com,Female,75,Innotype,123,93328
215,Nobe,Eggleson,393-65-8467,neggleson5y@reuters.com,Male,76,Mynte,123,68841
216,Russell,Gambles,615-08-1949,rgambles5z@wisc.edu,Male,70,Talane,122,98809
217,Brittaney,Mulhall,450-70-6672,bmulhall60@wired.com,Female,10,Skibox,123,62550
218,Roseanna,Martugin,247-70-5430,rmartugin61@blogtalkradio.com,Female,41,Cogilith,123,55242
219,Drucy,Glancey,894-27-4359,dglancey62@ucoz.com,Female,15,Browsezoom,122,1142
220,Janna,Bredes,421-79-2113,,Female,29,Zoomlounge,122,10259
221,Ricard,Pashler,156-97-5493,rpashler64@fema.gov,Male,95,Fivebridge,122,22153
222,Cross,Behning,195-82-4435,cbehning65@bandcamp.com,Male,29,Thoughtsphere,123,23952
223,Sallee,Rispine,470-60-6244,,Female,65,Agivu,123,78808
224,Maxwell,Footitt,108-70-1053,mfootitt67@slate.com,Male,29,Yoveo,122,5517
225,Leslie,MacFadzean,348-88-9511,,Male,55,Pixope,123,7846
226,Rodolphe,Hacking,774-34-7382,,Male,99,Kimia,122,73745
227,Deedee,Bycraft,596-83-8622,dbycraft6a@alibaba.com,Female,75,Kamba,122,25401
228,Dania,Barnewall,471-60-6150,dbarnewall6b@histats.com,Female,25,Jazzy,123,95558
229,Alric,Boorn,335-46-6842,aboorn6c@dedecms.com,Male,84,Dynava,122,26784
230,Melantha,Fundell,236-03-5318,,Female,29,Voonix,122,57338
231,Bay,Halbert,606-85-3684,bhalbert6e@go.com,Male,9,Devpoint,123,69931
232,Zachariah,Worswick,171-07-1680,zworswick6f@answers.com,Male,12,Blogspan,122,77448
233,Reinhard,Dixcee,485-32-4305,rdixcee6g@zimbio.com,Male,11,LiveZ,122,21152
234,Coleman,Karys,105-27-3078,,Male,87,Rooxo,122,93026
235,Dody,Fleckney,726-02-2827,dfleckney6i@foxnews.com,Female,14,Vipe,122,76107
236,Ricard,Troucher,567-38-9545,rtroucher6j@pcworld.com,Male,37,Eayo,123,35536
237,Gabey,Mayes,268-98-3302,gmayes6k@odnoklassniki.ru,Female,82,Skimia,123,86351
238,Octavius,Greetham,465-82-5745,ogreetham6l@nasa.gov,Male,77,Brightdog,122,29674
239,Erhart,Cloutt,220-90-9159,ecloutt6m@google.ca,Male,47,Divavu,123,46235
240,Augie,Rosso,383-63-7734,arosso6n@tinyurl.com,Male,21,Skiba,122,91392
241,Gannon,Gammons,144-21-8943,ggammons6o@google.com.hk,Male,29,Trudeo,122,63102
242,Shoshanna,Surgison,396-24-8053,ssurgison6p@people.com.cn,Female,86,Wikizz,123,80326
243,Stace,Fake,233-43-3382,sfake6q@4shared.com,Female,46,Gigaclub,123,97030
244,Carissa,Garfit,831-16-4474,cgarfit6r@desdev.cn,Female,37,Blogtags,122,65128
245,Gigi,Tregust,556-69-2097,gtregust6s@vinaora.com,Female,3,Viva,123,2246
246,Nicko,Pesic,499-34-4423,npesic6t@goo.ne.jp,Male,78,Roomm,123,16260
247,Myron,Bunney,333-64-5496,mbunney6u@google.com.au,Male,42,Quatz,123,34627
248,Shae,Pasley,855-38-1963,spasley6v@baidu.com,Male,48,Skippad,122,54555
249,Ugo,Shayes,227-12-8340,ushayes6w@shop-pro.jp,Male,36,Eire,122,71939
250,Adelaide,Arkil,173-16-1563,aarkil6x@amazon.co.uk,Female,100,Twitterworks,123,82606
251,Ulrica,Dupoy,508-56-0435,,Female,6,Blogtags,123,6925
252,Kermie,Crassweller,444-05-5713,kcrassweller6z@berkeley.edu,Male,91,Bubblebox,123,8421
253,Gilly,Casse,602-64-3916,gcasse70@blogger.com,Female,69,Browsebug,122,258
254,Killian,Wimlet,393-17-8512,kwimlet71@hexun.com,Male,54,Jetwire,123,58103
255,Selie,Wilfling,183-38-7391,,Female,38,Voomm,123,69107
256,Junina,Episcopi,620-12-5929,jepiscopi73@jalbum.net,Female,37,Gevee,122,97869
257,Jorry,Castelluzzi,731-88-3512,jcastelluzzi74@dion.ne.jp,Female,34,Kimia,123,59491
258,Darnall,Woodcock,569-73-5213,dwoodcock75@apache.org,Male,80,Thoughtbridge,123,58824
259,Aron,Hayden,397-07-0719,ahayden76@webs.com,Male,71,Divanoodle,123,7945
260,Gianni,Fitzer,696-63-1381,,Male,3,Gigazoom,123,76303
261,Shandeigh,Grono,362-96-4549,sgrono78@exblog.jp,Female,62,Yozio,122,75255
262,Feodora,Licari,835-07-1158,flicari79@bloglines.com,Female,53,Abata,123,71792
263,Carroll,Dowding,256-84-1356,cdowding7a@nih.gov,Female,86,Thoughtsphere,122,15953
264,Fidel,Robertsson,660-79-5147,frobertsson7b@elegantthemes.com,Male,95,Tekfly,123,86096
265,Norah,Grebner,670-52-7068,ngrebner7c@imageshack.us,Female,95,Voolith,123,45199
266,Pepe,Cullerne,499-82-2089,pcullerne7d@auda.org.au,Male,42,Skipfire,122,82478
267,Stanwood,Kohrs,452-26-4815,skohrs7e@zdnet.com,Male,20,Aimbo,123,47547
268,Casie,Bresson,613-91-3213,cbresson7f@usnews.com,Female,96,Kaymbo,123,47720
269,Will,Brewster,701-73-7010,wbrewster7g@blinklist.com,Male,81,Dabvine,122,32102
270,Morgana,Livzey,269-80-8446,,Female,29,Blognation,123,79524
271,Irvine,Ayscough,508-44-2785,iayscough7i@miibeian.gov.cn,Male,83,Photolist,123,36856
272,Daniele,Holleworth,295-21-3433,dholleworth7j@bloglines.com,Female,92,Demimbu,122,31311
273,Conrad,Bourdon,632-95-0513,cbourdon7k@wordpress.org,Male,75,Zooxo,123,96138
274,Meredeth,Yglesia,539-19-7679,myglesia7l@zdnet.com,Male,15,Youfeed,122,58165
275,Antonius,Jahn,802-33-4941,ajahn7m@mapy.cz,Male,7,Tekfly,123,90887
276,Verna,Jimson,853-88-4984,vjimson7n@tmall.com,Female,43,Tagpad,122,52529
277,Leeanne,Pagden,238-23-0041,lpagden7o@berkeley.edu,Female,51,Omba,122,26368
278,Junina,Bucknall,355-04-6950,jbucknall7p@naver.com,Female,74,Tagcat,123,37021
279,Patrick,Dare,411-88-3480,pdare7q@toplist.cz,Male,9,Bubbletube,123,31861
280,Dilan,Brownsword,434-29-3804,dbrownsword7r@yellowbook.com,Male,28,Roodel,122,21372
281,Aldon,Rief,730-25-3648,arief7s@amazon.co.jp,Male,91,Vipe,122,80948
282,Fonzie,Beaman,145-11-5114,fbeaman7t@ow.ly,Male,46,Cogibox,122,15409
283,Gwynne,Maxfield,226-56-0065,gmaxfield7u@google.cn,Female,33,Divape,123,97966
284,Jody,Giffard,712-88-0682,jgiffard7v@go.com,Female,71,Jabberstorm,122,60908
285,Nero,Cleave,324-72-5328,ncleave7w@discovery.com,Male,53,Ainyx,122,894
286,Ferdinand,Belle,782-54-2048,fbelle7x@princeton.edu,Male,28,Plambee,122,76778
287,Izzy,Germann,288-65-4990,igermann7y@oracle.com,Male,58,Devify,122,6711
288,Kincaid,Cullen,758-99-0645,kcullen7z@un.org,Male,59,Eadel,123,43844
289,Ezmeralda,Paolazzi,262-23-9205,epaolazzi80@fotki.com,Female,71,Zava,122,74145
290,Jessa,McQuirk,675-29-1966,jmcquirk81@taobao.com,Female,24,Oyoba,123,8750
291,Amabel,Botley,352-71-0388,abotley82@cisco.com,Female,47,Devbug,122,91826
292,Erik,Tick,534-71-5367,etick83@timesonline.co.uk,Male,20,Fivespan,122,47038
293,Verina,Bearns,124-30-9078,vbearns84@creativecommons.org,Female,90,Skaboo,123,6716
294,Leta,Cathrae,695-29-1882,,Female,22,Oyoloo,122,48022
295,Lilias,Votier,179-23-8010,,Female,10,Kwilith,123,86053
296,Valentijn,Amer,668-02-8258,vamer87@ucsd.edu,Male,20,Twitterlist,122,1373
297,Jackson,McDonald,147-70-2726,jmcdonald88@jimdo.com,Male,90,Eare,123,31942
298,Melody,Purkiss,221-86-3227,,Female,100,Buzzster,122,25814
299,Christoffer,Vasishchev,621-26-4204,cvasishchev8a@edublogs.org,Male,35,Pixoboo,123,50120
300,Buffy,Pragnall,483-57-4597,bpragnall8b@army.mil,Female,2,Wordpedia,122,51506
301,Marna,Como,140-96-6834,mcomo8c@time.com,Female,49,Centidel,123,67580
302,Bealle,Pitbladdo,203-36-5944,bpitbladdo8d@google.cn,Male,69,Ooba,123,86343
303,Franky,Ditchett,899-11-6522,fditchett8e@yellowbook.com,Female,97,Gabcube,123,52099
304,Farra,Lambregts,111-86-3216,flambregts8f@freewebs.com,Female,10,Bluezoom,122,17201
305,Cornelia,Wymer,322-58-1686,cwymer8g@npr.org,Female,3,Aivee,123,82820
306,Caryl,Ivanets,823-33-2655,civanets8h@ted.com,Male,49,Rhycero,123,95410
307,Niccolo,Parrott,677-16-7393,nparrott8i@huffingtonpost.com,Male,14,Zooveo,122,13993
308,Lesya,Banner,616-39-9211,lbanner8j@domainmarket.com,Female,46,Feedfire,122,73621
309,Saleem,Simmonett,777-50-9583,ssimmonett8k@hhs.gov,Male,72,Linkbridge,123,89169
310,Helaina,Shotter,432-25-7574,hshotter8l@cam.ac.uk,Female,34,Zoomcast,123,54706
311,Anabelle,Winram,208-84-8372,awinram8m@dyndns.org,Female,72,Photofeed,123,33067
312,Leigh,Wheelan,455-96-1548,lwheelan8n@edublogs.org,Male,45,Skalith,123,4348
313,Mora,Hardistry,476-53-4191,mhardistry8o@ovh.net,Female,44,Muxo,123,7513
314,Gussy,Tinsey,315-93-0033,,Female,48,Vitz,122,51079
315,Orrin,Barbery,893-97-5792,obarbery8q@wikispaces.com,Male,5,Edgetag,123,79195
316,Thaine,Handyside,240-78-7898,thandyside8r@reference.com,Male,26,Devcast,123,4148
317,Sherri,Conlon,552-49-9036,sconlon8s@comcast.net,Female,41,Zoonder,123,21073
318,Con,Davers,345-18-7263,cdavers8t@wordpress.org,Female,33,Mita,122,17345
319,Eimile,Yeowell,428-15-0292,eyeowell8u@google.it,Female,51,Browsebug,122,26215
320,Reinaldo,Dietzler,709-43-4095,rdietzler8v@latimes.com,Male,92,Livetube,123,46807
321,Elly,Morsom,870-99-8941,emorsom8w@ted.com,Female,78,Jabberbean,123,51429
322,Prudy,Rebbeck,281-11-0878,prebbeck8x@imdb.com,Female,40,Babbleopia,122,31367
323,Clair,Kairns,281-76-2542,ckairns8y@hubpages.com,Male,53,Dabjam,122,39468
324,Rhea,Pinor,857-61-2385,rpinor8z@mapquest.com,Female,91,Pixonyx,123,98597
325,Larissa,Geroldini,835-18-8462,lgeroldini90@rambler.ru,Female,73,Skiptube,122,76554
326,Riley,Juliano,605-46-7425,rjuliano91@cbslocal.com,Male,11,Kwinu,123,14858
327,Matias,Corradi,750-84-3895,mcorradi92@businessweek.com,Male,49,Cogidoo,123,37032
328,Nanny,Chalcraft,665-22-0928,nchalcraft93@1und1.de,Female,29,Katz,122,70049
329,Bekki,Muzzollo,273-34-8265,bmuzzollo94@twitpic.com,Female,1,Wikido,123,89583
330,Sarge,Farnill,473-70-8983,,Male,44,Mita,122,47515
331,Jess,Arndell,367-96-0119,jarndell96@netscape.com,Female,92,Realmix,122,89310
332,Wiley,Strafen,768-97-0322,,Male,17,Meemm,122,66055
333,Maggie,Parkinson,782-12-9268,,Female,94,Zoomlounge,122,26364
334,Phaedra,Plott,289-96-0311,pplott99@webs.com,Female,47,Tagchat,122,11852
335,Goddart,Bolesworth,365-12-7462,gbolesworth9a@ocn.ne.jp,Male,56,Meevee,122,92381
336,Alie,Lyne,135-15-6046,,Female,5,Buzzster,123,91712
337,Erl,McElroy,837-22-8639,emcelroy9c@boston.com,Male,24,Divavu,123,73260
338,Marylin,Dunckley,494-17-0126,mdunckley9d@moonfruit.com,Female,57,Trilith,123,9716
339,Julita,Alldis,854-15-4782,jalldis9e@china.com.cn,Female,23,Tavu,122,70313
340,Raphael,Feighry,284-37-1697,rfeighry9f@photobucket.com,Male,39,Feedbug,122,68454
341,Cristiano,Massey,749-32-0882,cmassey9g@technorati.com,Male,30,Skippad,122,47201
342,Kinsley,Merrison,643-32-3840,kmerrison9h@webs.com,Male,94,Photojam,123,1833
343,Mirella,Alldritt,459-87-1452,malldritt9i@bravesites.com,Female,6,Roombo,122,76287
344,Anthe,Olesen,394-28-7826,,Female,44,Linkbridge,123,65473
345,Charmine,L'Hommee,869-67-7624,clhommee9k@harvard.edu,Female,74,Vidoo,122,5698
346,Nelia,Raithby,154-74-8764,nraithby9l@nationalgeographic.com,Female,17,Twitterlist,123,63288
347,Barbi,Swatridge,417-22-8110,bswatridge9m@studiopress.com,Female,61,Bubblemix,123,61673
348,Christine,Gossop,376-52-9883,cgossop9n@istockphoto.com,Female,73,Wordify,122,9038
349,Tulley,Purves,811-87-1870,tpurves9o@diigo.com,Male,11,Babbleopia,123,48665
350,Darda,Hars,713-69-4063,dhars9p@woothemes.com,Female,90,Centidel,122,50611
351,Jard,Baly,171-90-0922,jbaly9q@arizona.edu,Male,9,Twitterbeat,122,26497
352,Alison,Klais,800-77-7656,aklais9r@dailymotion.com,Female,88,Digitube,122,41042
353,Donavon,Van der Beek,525-57-7394,dvanderbeek9s@hatena.ne.jp,Male,62,Tagopia,122,25853
354,Jamaal,Bolderson,704-65-4562,jbolderson9t@howstuffworks.com,Male,81,Voonyx,123,40295
355,Analiese,Glassford,849-32-9614,aglassford9u@jiathis.com,Female,20,Gabvine,123,35631
356,Lorraine,Warriner,197-25-2721,lwarriner9v@jalbum.net,Female,53,Leenti,123,68469
357,Wilma,Brogan,713-83-0868,,Female,23,Jaloo,122,47605
358,Bond,Yoell,848-72-0041,,Male,38,Photobug,123,97544
359,Angelico,Jiru,775-27-7276,ajiru9y@ca.gov,Male,18,Flashspan,123,57653
360,Demetria,Zielinski,671-60-3091,dzielinski9z@tinyurl.com,Female,78,Gabcube,122,50800
361,Booth,Bullion,498-16-0035,bbulliona0@webnode.com,Male,97,Mymm,122,78979
362,Allyce,Kirkman,877-40-5694,akirkmana1@sciencedirect.com,Female,18,Voonix,123,16007
363,Jobi,Lessmare,364-89-9966,jlessmarea2@wikipedia.org,Female,58,Shufflester,122,87649
364,Kacie,Perrott,441-45-9952,kperrotta3@ifeng.com,Female,60,Kimia,123,48661
365,Alastair,Fridaye,330-31-7507,afridayea4@umn.edu,Male,49,Riffwire,123,46894
366,Vivyan,Killingworth,497-33-3503,vkillingwortha5@networkadvertising.org,Female,33,Jetpulse,123,30818
367,Karly,Grinishin,320-95-6639,kgrinishina6@ucla.edu,Female,64,Twinte,122,19972
368,Elisabeth,Gladdifh,569-71-0957,egladdifha7@sitemeter.com,Female,57,Yacero,123,49575
369,Leopold,Shuard,713-01-6292,lshuarda8@auda.org.au,Male,93,Bluejam,123,81728
370,Dennet,Lippiatt,136-84-4346,,Male,10,Gabspot,122,21131
371,Sigismund,Cornilleau,442-73-2984,scornilleauaa@mayoclinic.com,Male,56,Viva,122,54365
372,Clementina,Littledike,865-07-1848,clittledikeab@fema.gov,Female,99,Browseblab,123,87062
373,Jase,Grahamslaw,590-01-8326,jgrahamslawac@elegantthemes.com,Male,43,Yombu,123,60104
374,Jameson,Shepstone,625-40-7133,jshepstonead@imdb.com,Male,20,Jetpulse,122,33796
375,Chris,Jedras,223-25-9935,cjedrasae@nydailynews.com,Male,68,Oba,123,30288
376,Cristian,Rhead,887-83-5185,crheadaf@dyndns.org,Male,92,Rhycero,123,90244
377,Meridith,Gajewski,212-43-2321,mgajewskiag@fastcompany.com,Female,92,Skyba,122,13721
378,Caryn,Banville,137-12-5745,cbanvilleah@a8.net,Female,74,Tambee,122,95472
379,Osbert,Middlemiss,691-15-8874,omiddlemissai@washington.edu,Male,63,Yotz,122,61311
380,Shaw,Aishford,328-83-4822,saishfordaj@springer.com,Male,51,Kamba,123,47439
381,Don,Verdon,795-11-7187,dverdonak@fda.gov,Male,53,Quamba,122,88488
382,Jan,Vamplus,799-89-7465,jvamplusal@archive.org,Male,64,Rhynoodle,122,8828
383,Brett,Canet,542-11-6780,bcanetam@stanford.edu,Male,80,Meezzy,122,52705
384,Kim,Belin,868-23-4143,kbelinan@google.com.hk,Male,57,Mita,122,34029
385,Den,Legrice,541-49-0911,dlegriceao@skyrock.com,Male,70,Shuffledrive,122,12
386,Dill,Issacov,405-73-8073,dissacovap@themeforest.net,Male,76,Plambee,123,23862
387,Sammy,McCaughey,512-96-8262,smccaugheyaq@marketwatch.com,Male,31,Tagpad,122,76952
388,Daron,Forson,504-72-8013,dforsonar@nifty.com,Male,66,Flashset,122,3974
389,Debbi,Woods,341-04-5345,dwoodsas@wix.com,Female,77,Reallinks,123,88768
390,May,Skellern,637-94-2660,mskellernat@studiopress.com,Female,74,Oba,122,59619
391,Glenda,Wrathmall,575-88-5517,gwrathmallau@marriott.com,Female,76,Devify,122,88050
392,Derk,Crippell,847-20-7058,dcrippellav@dot.gov,Male,100,Riffpath,122,51760
393,Wilbur,Rozanski,806-36-3413,wrozanskiaw@sciencedaily.com,Male,17,Myworks,122,24646
394,Ralina,Houliston,238-10-6289,rhoulistonax@friendfeed.com,Female,73,Jayo,123,86837
395,Lovell,Pomphrett,194-01-7241,lpomphrettay@europa.eu,Male,80,Skyvu,121,24722
396,Zelda,Crichten,572-03-9916,zcrichtenaz@theglobeandmail.com,Female,19,Zoozzy,121,3842
397,Aurelea,Drinkel,111-19-4943,adrinkelb0@clickbank.net,Female,3,Katz,123,23819
398,Helga,Sliman,292-17-8177,hslimanb1@tumblr.com,Female,65,Katz,121,73421
399,Ali,Goch,814-48-5796,agochb2@blogspot.com,Male,75,Voolia,123,41555
400,Reube,Grabb,641-39-0896,rgrabbb3@linkedin.com,Male,2,Jetpulse,121,43173
401,Adena,Stinson,211-67-1527,astinsonb4@rakuten.co.jp,Female,91,Blognation,121,86778
402,Ethelin,Bungey,461-19-4865,ebungeyb5@xinhuanet.com,Female,87,Tagchat,121,9551
403,Fremont,Duthy,791-42-3268,fduthyb6@wp.com,Male,68,Midel,123,83605
404,Reece,Farnorth,284-88-6233,rfarnorthb7@typepad.com,Male,77,Twitternation,123,60000
405,Honor,Menichi,228-56-1355,hmenichib8@jimdo.com,Female,34,Tavu,123,25820
406,Fraze,Hainge,163-51-9890,fhaingeb9@engadget.com,Male,98,Livetube,123,13462
407,Phil,Whitham,545-27-2243,pwhithamba@unblog.fr,Female,68,Eadel,123,9808
408,Leila,Camilleri,510-29-5156,lcamilleribb@simplemachines.org,Female,68,Mynte,125,79776
409,Heda,Bossom,805-57-8937,hbossombc@gov.uk,Female,83,Pixonyx,125,73370
410,Emelita,Grissett,796-44-4165,egrissettbd@ask.com,Female,3,Skyba,125,61472
411,Clementine,Downage,186-46-3333,cdownagebe@usgs.gov,Female,77,Skidoo,125,37701
412,Lark,Winterscale,188-43-9887,lwinterscalebf@ovh.net,Female,91,Zoovu,121,30546
413,Neely,Jeduch,509-51-0626,njeduchbg@cisco.com,Female,74,BlogXS,121,25449
414,Orsa,Urvoy,608-62-7129,ourvoybh@google.cn,Female,1,Fivechat,125,80831
415,Tedie,Snel,665-97-9692,tsnelbi@uiuc.edu,Male,36,Devbug,125,95299
416,Rory,Fludder,479-59-5862,rfludderbj@google.de,Male,48,Skyba,121,57249
417,Emma,Dunley,432-45-9809,edunleybk@ucoz.ru,Female,19,Edgetag,121,54005
418,Forrester,Merwood,125-18-1294,fmerwoodbl@tamu.edu,Male,70,Miboo,121,94849
419,Ann,Shimmings,815-27-0037,ashimmingsbm@trellian.com,Female,58,Skivee,125,95730
420,Garvin,Brewerton,585-81-8125,gbrewertonbn@weebly.com,Male,3,Tambee,125,84474
421,Rob,Curnick,896-33-7110,rcurnickbo@blinklist.com,Male,20,Dabjam,125,72976
422,Arlene,Duding,586-88-7582,adudingbp@gmpg.org,Female,10,Jaloo,125,87228
423,Ermentrude,Bohman,417-99-0119,ebohmanbq@ft.com,Female,97,Twitterbeat,125,74728
424,Kirby,Tinniswood,477-79-6021,ktinniswoodbr@ted.com,Male,28,Roombo,125,20559
425,Elmer,Minors,677-04-5554,eminorsbs@youtu.be,Male,25,Jetpulse,125,64798
426,Michaelina,Itzhayek,228-71-0712,mitzhayekbt@walmart.com,Female,22,Buzzster,121,21284
427,Blinny,Inker,143-91-8480,binkerbu@reuters.com,Female,30,Yodoo,125,69482
428,Gerty,Beaver,471-19-1660,gbeaverbv@twitpic.com,Female,70,Muxo,121,93514
429,Vinny,Sivil,791-46-1773,vsivilbw@symantec.com,Female,3,Realpoint,121,64860
430,Nickola,Darcey,523-09-1305,,Male,11,Aibox,121,53260
431,Augy,Reicharz,341-29-5952,areicharzby@wufoo.com,Male,54,Linkbridge,125,871
432,Prentice,Durdy,172-19-7803,pdurdybz@tiny.cc,Male,27,Browsedrive,125,9476
433,Minerva,Drohun,366-34-8638,mdrohunc0@ucoz.com,Female,67,Buzzster,125,81665
434,Christean,Auchinleck,198-28-5390,cauchinleckc1@usnews.com,Female,37,Muxo,121,25728
435,Molli,Kemme,546-43-6005,mkemmec2@barnesandnoble.com,Female,80,Dynazzy,125,35931
436,Ezmeralda,Strickler,591-15-8609,estricklerc3@miitbeian.gov.cn,Female,71,Camido,121,22342
437,Kalvin,Manon,344-18-4034,kmanonc4@imgur.com,Male,24,Voonyx,121,18054
438,Wadsworth,Shildrick,508-01-7194,wshildrickc5@europa.eu,Male,6,Livetube,121,58634
439,Adah,Asaaf,883-84-5576,aasaafc6@smh.com.au,Female,75,Photojam,121,27727
440,Gunner,Hovie,828-83-2110,,Male,8,Tagtune,125,88324
441,Livy,O'Crigane,372-14-9894,locriganec8@angelfire.com,Female,31,Photojam,125,71506
442,Niel,Sherborne,812-48-9247,nsherbornec9@instagram.com,Male,54,Divape,121,54030
443,Phyllida,Jossel,395-39-9460,pjosselca@army.mil,Female,8,Kwimbee,121,9710
444,Bertie,Fernant,306-58-3668,bfernantcb@mayoclinic.com,Female,3,Zoozzy,121,97014
445,Trish,Hollier,721-66-0964,tholliercc@unesco.org,Female,87,Jaxworks,121,63714
446,Kristin,Burford,697-06-0013,kburfordcd@blog.com,Female,76,Cogilith,121,36882
447,Pepito,Russell,645-96-1319,prussellce@hc360.com,Male,12,Devify,125,72264
448,Odilia,Esser,155-24-5498,oessercf@sakura.ne.jp,Female,43,Aivee,125,99379
449,Freda,MacCauley,500-51-9565,fmaccauleycg@photobucket.com,Female,96,Eire,121,2922
450,Susy,Smythe,222-33-4589,ssmythech@addtoany.com,Female,100,Yakijo,121,23937
451,Alfie,Maneylaws,158-26-2546,,Male,39,Brainbox,125,50688
452,Baily,De Witt,182-05-9687,bdewittcj@jimdo.com,Male,40,Kwimbee,125,10969
453,Lisbeth,Di Batista,353-85-2951,ldibatistack@myspace.com,Female,20,Zoomcast,121,39373
454,Clive,Sember,881-38-1928,csembercl@mashable.com,Male,28,Zoonoodle,121,12607
455,Linnie,Smurfitt,449-53-1026,,Female,26,Topicshots,125,98061
456,Sybila,Cobbald,724-68-2894,scobbaldcn@thetimes.co.uk,Female,47,Trudoo,121,85796
457,Celesta,Bainton,272-14-9466,cbaintonco@eventbrite.com,Female,25,Mybuzz,125,22700
458,Jillie,Anstie,696-78-9800,janstiecp@simplemachines.org,Female,3,Aimbu,121,79308
459,Esteban,Klauer,120-12-7767,eklauercq@xrea.com,Male,21,Leexo,125,69788
460,Lizzy,Findley,872-10-7317,lfindleycr@abc.net.au,Female,6,Aivee,125,5276
461,Gracie,Arr,642-46-4244,garrcs@github.com,Female,75,Skyvu,125,11238
462,Matilda,Renouf,144-52-4356,,Female,59,Vinte,121,71232
463,Donielle,Essery,102-83-7920,,Female,83,Livetube,125,66307
464,Karita,Dimanche,362-14-1511,kdimanchecv@timesonline.co.uk,Female,34,Flashset,121,61880
465,Gunar,Shenton,781-41-2365,gshentoncw@bing.com,Male,34,Oyoba,121,39886
466,El,Dorie,545-85-9059,edoriecx@psu.edu,Male,42,Ooba,121,23850
467,Leontine,Flood,802-82-6994,lfloodcy@jigsy.com,Female,78,Zazio,125,54770
468,Johnathan,Frostdyke,433-84-4260,jfrostdykecz@e-recht24.de,Male,26,LiveZ,125,74253
469,Haley,Macy,833-76-3401,,Female,96,Thoughtstorm,121,83959
470,Krista,Dumbarton,476-80-1264,kdumbartond1@imgur.com,Female,9,Yambee,125,23763
471,Erwin,Chastand,862-02-7065,echastandd2@cocolog-nifty.com,Male,19,DabZ,125,37922
472,Rozelle,Agate,642-76-2023,ragated3@ted.com,Female,63,Chatterpoint,125,58386
473,Mari,Lamzed,669-65-4026,mlamzedd4@facebook.com,Female,18,Feedfire,125,10325
474,Thorsten,Santer,254-68-1356,tsanterd5@flickr.com,Male,80,Dynazzy,125,44102
475,Donnell,Hulmes,425-33-6346,dhulmesd6@google.ca,Male,69,Gigazoom,121,86204
476,Vittorio,Marder,826-31-8187,vmarderd7@phoca.cz,Male,54,Meemm,121,21550
477,Wilmar,Lyosik,808-05-4159,wlyosikd8@addthis.com,Male,80,Buzzdog,125,82542
478,Malinda,Mundell,730-68-4962,mmundelld9@homestead.com,Female,30,Twinder,121,91805
479,Etheline,Lemasney,340-70-5331,elemasneyda@vistaprint.com,Female,94,Tagtune,121,95014
480,Chicky,Joselevitch,466-77-8343,cjoselevitchdb@wp.com,Male,21,Yamia,121,3423
481,Ramsey,Feenan,307-91-2826,rfeenandc@plala.or.jp,Male,3,Wikido,125,47426
482,Thane,Lelievre,639-83-0589,tlelievredd@stanford.edu,Male,62,Browseblab,125,86548
483,Kendrick,Swinfon,115-74-2708,kswinfonde@macromedia.com,Male,14,Meeveo,121,28137
484,Joyce,Heaysman,644-27-6435,jheaysmandf@about.com,Female,74,Dabjam,125,78935
485,Emmi,Stigell,650-54-7861,estigelldg@acquirethisname.com,Female,66,Devbug,125,47537
486,Cortney,Itzkovitch,351-78-8665,citzkovitchdh@virginia.edu,Female,8,Quinu,125,54099
487,Ferd,Strowlger,245-64-8128,fstrowlgerdi@arizona.edu,Male,83,Roombo,125,86541
488,Antonie,Schall,860-50-2112,aschalldj@themeforest.net,Female,27,Ainyx,125,1302
489,Carny,Geggie,499-43-1558,cgeggiedk@goodreads.com,Male,70,Muxo,121,84626
490,Ardine,Feltoe,427-84-0683,afeltoedl@eventbrite.com,Female,74,Edgeclub,125,43919
491,Lawton,Lindenblatt,816-58-3431,llindenblattdm@linkedin.com,Male,3,Twimbo,125,26130
492,Jimmy,Matuskiewicz,592-06-3784,jmatuskiewiczdn@who.int,Male,23,Skivee,125,11966
493,Betteanne,Outibridge,795-74-9497,boutibridgedo@imgur.com,Female,70,Blogpad,125,7270
494,Kev,Oris,478-26-9767,korisdp@mediafire.com,Male,7,Realbridge,121,30645
495,Zeke,Vellden,353-10-6476,zvelldendq@yahoo.com,Male,76,Voomm,125,88587
496,Lurlene,Cellier,318-24-0714,lcellierdr@amazon.com,Female,15,Skynoodle,125,3106
497,Lonni,Nipper,396-37-6996,lnipperds@narod.ru,Female,14,Twitterbridge,121,92100
498,Brianne,Hefford,651-15-8114,bhefforddt@meetup.com,Female,2,Kaymbo,121,55245
499,Reinwald,Eles,301-19-1525,relesdu@dailymail.co.uk,Male,22,Thoughtbeat,121,29484
500,Franklin,Pimlock,115-17-9707,fpimlockdv@examiner.com,Male,66,Bluejam,125,69231
501,Dasha,Franzolini,880-91-8533,,Female,35,Eamia,125,54106
502,Morgen,Dicey,234-39-7630,,Male,23,Skimia,121,62345
503,Teriann,Champley,246-72-5129,tchampleydy@cafepress.com,Female,20,Ailane,125,52480
504,Padriac,Brashier,871-37-9782,pbrashierdz@nba.com,Male,84,Aimbu,121,19360
505,Dana,Goulstone,137-91-6188,dgoulstonee0@amazon.de,Female,40,Feedfish,125,60498
506,Dolly,Rosengart,332-04-9486,drosengarte1@google.it,Female,20,Topiclounge,121,45690
507,Sara,Petchell,144-95-4084,spetchelle2@phoca.cz,Female,77,Kazu,121,89682
508,Brett,Drysdall,501-11-2977,bdrysdalle3@usda.gov,Male,96,Twimm,125,58160
509,Beau,Kaes,485-22-9650,bkaese4@epa.gov,Male,9,Edgeblab,121,43155
510,Emeline,Smithe,365-94-9345,esmithee5@jimdo.com,Female,29,Rhyzio,121,34697
511,Alfonse,Aysh,435-60-6438,aayshe6@ed.gov,Male,51,Twitterbeat,121,82693
512,Alexine,Wedderburn,543-16-3634,awedderburne7@ask.com,Female,90,Edgeclub,121,33217
513,Maribelle,Roman,456-25-8953,mromane8@privacy.gov.au,Female,60,Quamba,125,67539
514,Reba,Parvin,467-07-0354,,Female,60,Voonte,121,15016
515,Jeramey,Clayfield,294-01-9688,jclayfieldea@sun.com,Male,83,Brainsphere,125,48949
516,Eb,Perillo,292-65-8895,eperilloeb@shutterfly.com,Male,44,Linklinks,125,33369
517,Beatriz,Renshall,236-96-7899,brenshallec@hhs.gov,Female,77,Brightdog,125,93538
518,Rubi,Elcoate,337-93-4351,,Female,22,Mymm,125,58708
519,Rhetta,Coniff,348-85-2575,rconiffee@ycombinator.com,Female,76,Mybuzz,125,42795
520,Jamie,de Juares,105-31-4118,jdejuaresef@wufoo.com,Male,63,Leenti,121,71749
521,Thomasa,Allsworth,728-40-1196,tallswortheg@gov.uk,Female,91,Vitz,121,76011
522,Henry,Twopenny,299-84-9162,htwopennyeh@deviantart.com,Male,28,Thoughtworks,125,88298
523,Stanislas,MacLoughlin,365-02-0747,smacloughlinei@mac.com,Male,64,Gigabox,121,87882
524,Debbi,Sijmons,821-27-3652,,Female,92,Skipstorm,121,60698
525,Riane,Faircliff,118-61-2562,rfaircliffek@amazon.co.jp,Female,29,Skipfire,121,37984
526,Corrie,Flack,606-80-7314,cflackel@addthis.com,Male,51,Skilith,125,31015
527,Arnie,Simants,748-47-4315,asimantsem@furl.net,Male,65,Buzzdog,125,5138
528,Omero,Liddard,143-07-8758,oliddarden@nationalgeographic.com,Male,42,Yotz,125,23012
529,Emeline,Itzkovwich,515-79-2904,eitzkovwicheo@sfgate.com,Female,34,Oyoyo,121,85660
530,Stern,Walicki,320-43-3737,swalickiep@seattletimes.com,Male,99,Quatz,125,15496
531,Stanfield,Stockill,226-95-0313,sstockilleq@ezinearticles.com,Male,34,Dabshots,121,54222
532,Woodie,Pinney,216-20-8089,wpinneyer@about.com,Male,95,Eayo,125,72405
533,Athene,holmes,308-54-9267,aholmeses@technorati.com,Female,88,Blogspan,121,32650
534,Natalina,Bizley,197-67-7885,nbizleyet@unblog.fr,Female,92,Omba,125,52624
535,Bay,Patifield,828-55-2690,bpatifieldeu@theatlantic.com,Male,73,Dabshots,125,4344
536,Hailee,Bearblock,372-40-9129,hbearblockev@typepad.com,Female,74,DabZ,121,39669
537,Panchito,Martinets,105-11-5312,pmartinetsew@ucsd.edu,Male,6,Camimbo,125,56101
538,Monti,Semerad,309-23-6857,msemeradex@reuters.com,Male,56,Oozz,121,74099
539,Zachary,Jenny,208-88-2045,zjennyey@cdbaby.com,Male,7,Edgeify,125,30962
540,Austin,Sinncock,449-75-4052,asinncockez@opera.com,Male,93,Vipe,125,47937
541,Linnell,Laughlin,250-03-5451,llaughlinf0@tiny.cc,Female,88,Eadel,121,37158
542,Ryan,Brill,796-12-2466,rbrillf1@digg.com,Male,34,Yombu,125,66155
543,Aldric,Carletti,528-20-9218,acarlettif2@foxnews.com,Male,71,Realpoint,125,24424
544,Alexandro,Matis,834-22-0214,,Male,28,Ailane,121,83878
545,Anton,Curnokk,227-24-4988,acurnokkf4@wired.com,Male,61,Devify,125,75579
546,Marcel,Duckhouse,436-49-6449,mduckhousef5@elegantthemes.com,Male,95,Twiyo,121,45113
547,Alvina,Freeberne,289-52-7427,afreebernef6@sciencedaily.com,Female,92,Camimbo,125,25651
548,Dalila,Sponer,132-24-0336,,Female,85,Skimia,121,79800
549,Essie,Sorton,248-28-2524,esortonf8@salon.com,Female,67,Eadel,121,2642
550,Aubrette,Orknay,817-09-2238,aorknayf9@ebay.co.uk,Female,91,Thoughtstorm,125,38878
551,Mellie,Stoker,784-84-7271,mstokerfa@newyorker.com,Female,28,Pixope,121,52675
552,Chiquia,Boick,654-02-3744,cboickfb@ebay.co.uk,Female,94,Devbug,121,49132
553,Emmit,Ungaretti,277-25-6673,eungarettifc@arizona.edu,Male,83,Skipstorm,121,47056
554,Berk,Sandeland,114-86-3959,bsandelandfd@adobe.com,Male,44,Meemm,125,59436
555,Rosella,Allgood,883-63-7379,rallgoodfe@hostgator.com,Female,9,Topicshots,125,58613
556,Bonny,Furneaux,327-02-4404,bfurneauxff@indiatimes.com,Female,20,Buzzshare,121,90775
557,Gal,Quinet,184-83-3070,gquinetfg@jigsy.com,Male,55,Mynte,125,7814
558,Melli,Summerton,485-43-7213,msummertonfh@unesco.org,Female,69,Myworks,125,20910
559,Yank,Lowdwell,504-46-8724,ylowdwellfi@symantec.com,Male,59,Rooxo,125,49304
560,Cissy,Hamner,169-04-5238,chamnerfj@a8.net,Female,92,Ntags,125,52601
561,Lonnie,Woolland,367-58-0082,lwoollandfk@techcrunch.com,Male,10,Lazzy,125,78978
562,Loralyn,Garrick,325-67-9335,lgarrickfl@yale.edu,Female,75,Oloo,125,19931
563,Orran,Melin,210-03-4578,omelinfm@webs.com,Male,23,Centidel,121,55769
564,Genny,Duffill,852-22-3818,gduffillfn@w3.org,Female,91,Dabfeed,125,3157
565,Hyman,Tiron,653-07-0888,htironfo@studiopress.com,Male,81,Linkbuzz,125,97018
566,Francine,Blackley,611-95-2329,fblackleyfp@hexun.com,Female,42,Jabbercube,121,20018
567,Rois,Duquesnay,349-84-0722,rduquesnayfq@mashable.com,Female,100,Meeveo,125,18352
568,Dion,Wagner,802-55-7529,dwagnerfr@ifeng.com,Female,76,Fanoodle,125,29750
569,Emera,Sandiland,777-04-2319,esandilandfs@quantcast.com,Female,95,Reallinks,121,56389
570,Jania,Muldowney,635-71-2393,jmuldowneyft@springer.com,Female,89,Devcast,125,28883
571,Jeffry,Cabrara,185-88-2313,jcabrarafu@sfgate.com,Male,10,Rhynyx,121,12762
572,Stacey,Dell,368-42-2421,sdellfv@bravesites.com,Female,55,Brainverse,125,73786
573,Odella,Maginn,879-43-4500,omaginnfw@odnoklassniki.ru,Female,57,Photospace,125,15921
574,Martha,Klempke,470-75-9773,mklempkefx@hexun.com,Female,89,Minyx,121,65884
575,Franny,Arzu,834-67-6008,farzufy@pinterest.com,Female,90,Podcat,125,43356
576,Sarajane,Deaville,603-10-2015,sdeavillefz@youtube.com,Female,5,Twinte,125,72014
577,Letty,Last,319-26-4073,llastg0@boston.com,Female,86,Abata,121,35939
578,Bianka,Rennard,179-03-3662,brennardg1@seesaa.net,Female,5,Miboo,121,37497
579,Alano,Wem,307-70-1314,awemg2@intel.com,Male,79,Quatz,121,67191
580,Ronald,Culshew,886-47-4765,rculshewg3@youtube.com,Male,46,Nlounge,121,17081
581,Jonathan,Tame,677-86-6101,jtameg4@bloglovin.com,Male,85,Edgeclub,125,92100
582,Travus,Crix,172-64-6177,tcrixg5@cdbaby.com,Male,23,Rhyloo,125,6947
583,Doti,Race,652-60-5448,,Female,22,Mynte,121,11334
584,Sherrie,Kinkade,810-82-1732,skinkadeg7@storify.com,Female,9,Fliptune,121,10158
585,Tiphanie,Joost,605-80-8723,tjoostg8@usgs.gov,Female,31,Roombo,125,66448
586,Rheta,Newey,747-81-7949,rneweyg9@zdnet.com,Female,21,Myworks,121,62762
587,Janie,Ventom,194-14-8279,jventomga@cloudflare.com,Female,76,Demivee,125,3974
588,Leroi,Illwell,167-62-1372,,Male,80,Cogidoo,125,85444
589,Briny,Steade,864-29-3260,bsteadegc@msu.edu,Female,48,Jazzy,121,82811
590,Banky,Dorant,814-43-3441,,Male,40,Mydeo,121,27622
591,Ernestus,Bangham,626-48-9857,ebanghamge@xrea.com,Male,79,Aivee,125,43265
592,Wernher,Weldrake,598-35-5449,wweldrakegf@cnbc.com,Male,66,Flipbug,121,66009
593,Gottfried,Kuhle,683-23-5501,gkuhlegg@uiuc.edu,Male,25,Roodel,125,87899
594,Lorain,Sheer,282-31-5775,lsheergh@shutterfly.com,Female,95,Babbleopia,125,98474
595,Prince,Broszkiewicz,446-33-3638,pbroszkiewiczgi@state.gov,Male,69,Brainsphere,121,79545
596,Dominique,Blaschke,202-55-5730,dblaschkegj@sun.com,Female,59,Skiba,121,96387
597,Barrett,Bertlin,405-12-6365,bbertlingk@miibeian.gov.cn,Male,35,Mydeo,125,90948
598,Wright,Hamon,149-64-6479,whamongl@yandex.ru,Male,87,Quinu,125,96147
599,Sibyl,Durbin,583-02-8252,sdurbingm@ed.gov,Female,16,Brightdog,121,64896
600,Braden,Rollins,215-10-1978,brollinsgn@gmpg.org,Male,89,Voonyx,125,51299
601,Erena,Daud,425-43-0286,edaudgo@skype.com,Female,25,Twitterbridge,125,73978
602,Sherie,Dwelly,419-43-4285,sdwellygp@oaic.gov.au,Female,66,Voomm,121,56697
603,Mozes,Semor,209-58-1232,msemorgq@indiatimes.com,Male,97,Tagopia,121,30445
604,Izzy,Parr,211-66-8663,iparrgr@nhs.uk,Male,78,Zava,121,30253
605,Vida,Conduit,847-70-9762,vconduitgs@tripadvisor.com,Female,41,Oba,125,72094
606,Ursa,Bifield,801-32-2769,ubifieldgt@live.com,Female,45,Photobug,125,23567
607,Cristiano,Boothebie,389-60-9099,cboothebiegu@so-net.ne.jp,Male,7,Jabbercube,121,63351
608,Ced,Menghi,318-10-3902,cmenghigv@unc.edu,Male,65,Blogpad,121,15076
609,Grata,Glaysher,220-71-7053,gglayshergw@ucla.edu,Female,97,Skibox,121,7377
610,Gannie,Castanares,527-02-7644,,Male,94,Trupe,125,22107
611,Ricoriki,Drinkhill,627-93-3911,rdrinkhillgy@wordpress.org,Male,100,Kazu,125,32831
612,Gavra,Dunne,527-92-2989,gdunnegz@businessinsider.com,Female,66,Twitterworks,121,17302
613,Vince,Suller,192-62-0228,vsullerh0@miitbeian.gov.cn,Male,14,Leenti,121,45721
614,Roddy,Bertome,200-43-0044,rbertomeh1@comsenz.com,Male,19,Yata,121,36124
615,Audrie,Matthew,188-82-2209,amatthewh2@qq.com,Female,66,Photobean,125,88031
616,Cybill,Seage,284-08-4887,cseageh3@1688.com,Female,80,Jayo,121,41565
617,Loy,Geratt,387-29-7845,lgeratth4@disqus.com,Male,11,Divavu,125,57355
618,Denis,Toner,455-80-3066,dtonerh5@smugmug.com,Male,16,Quimm,125,50655
619,Simeon,Meech,628-14-2232,smeechh6@dropbox.com,Male,37,Pixonyx,121,5896
620,Carin,Olkowicz,321-09-7735,colkowiczh7@netscape.com,Female,92,Livepath,121,29504
621,Cary,Heathwood,258-89-3910,cheathwoodh8@latimes.com,Male,47,Yadel,121,80378
622,Mikel,Jefferd,696-19-7373,mjefferdh9@wordpress.org,Male,96,Skivee,125,45249
623,Colly,Tiltman,539-44-0043,,Female,30,Yotz,125,74768
624,Aguie,Grimmett,138-03-0858,agrimmetthb@macromedia.com,Male,16,Twitterbridge,121,23361
625,Hilarius,Chantrell,618-07-0786,,Male,43,Kazu,125,16739
626,Coretta,Penritt,274-05-5720,cpenritthd@google.fr,Female,76,Yoveo,125,55905
627,Tybi,Patterfield,617-87-9239,,Female,73,Twinder,121,84044
628,Ethel,Cesco,559-28-5557,ecescohf@mashable.com,Female,54,Voolith,125,56970
629,Eba,Ambridge,836-91-3475,eambridgehg@clickbank.net,Female,66,Thoughtstorm,125,10899
630,Albert,McKeating,616-87-5596,amckeatinghh@forbes.com,Male,71,Divape,121,29410
631,Jarvis,Samsworth,104-68-8896,jsamsworthhi@wisc.edu,Male,2,Devify,121,20733
632,Arch,Stolte,126-95-7877,astoltehj@devhub.com,Male,79,Youbridge,121,19202
633,Mart,Albery,206-27-0554,malberyhk@infoseek.co.jp,Male,84,Topicblab,125,48605
634,Dicky,Shipway,506-94-4450,dshipwayhl@census.gov,Male,61,Devpulse,121,24596
635,Crissie,Loakes,648-46-4726,cloakeshm@cpanel.net,Female,13,Yakitri,121,62683
636,Willow,Grummitt,216-22-5161,wgrummitthn@jiathis.com,Female,23,Kamba,125,90778
637,Gray,Bruford,266-60-6429,gbrufordho@si.edu,Female,4,Eadel,121,36990
638,Paton,Pleace,512-32-9001,,Male,22,Avaveo,125,63540
639,North,Szymczyk,484-27-5001,nszymczykhq@sciencedaily.com,Male,99,Eayo,125,86338
640,Dion,Duke,197-94-7097,ddukehr@mozilla.org,Female,90,Camimbo,121,25246
641,Sawyere,Aveling,343-91-7685,savelinghs@mapquest.com,Male,34,Edgeclub,121,95512
642,Tedi,Filby,432-28-6816,,Female,17,Dynava,125,99408
643,Gleda,Summerill,609-47-8417,gsummerillhu@rediff.com,Female,19,Thoughtsphere,125,78087
644,Tremaine,Walklott,763-52-8277,twalklotthv@columbia.edu,Male,6,Camimbo,121,2372
645,Renelle,Byram,357-26-3725,rbyramhw@tripod.com,Female,60,Flashdog,125,72816
646,Carney,Pennick,724-41-5505,cpennickhx@github.com,Male,35,Dabjam,121,6957
647,Zebedee,Soeiro,522-87-4389,zsoeirohy@eepurl.com,Male,36,Twimm,121,91902
648,Bride,Prantl,687-25-5568,bprantlhz@instagram.com,Female,28,Dynava,125,26033
649,Pieter,Tithecote,738-43-5887,ptithecotei0@wufoo.com,Male,30,Realbridge,121,19097
650,Lily,Mees,863-93-4348,lmeesi1@clickbank.net,Female,71,Eayo,121,94770
651,Felike,Beirne,344-48-5336,,Male,68,Innojam,125,56032
652,Dorry,MacDunleavy,321-06-0073,dmacdunleavyi3@nih.gov,Female,27,Feedspan,125,54523
653,Cirillo,Jessope,120-11-7239,cjessopei4@free.fr,Male,48,Zooveo,125,24743
654,Harriette,Shedden,440-50-5929,hsheddeni5@forbes.com,Female,19,Trunyx,125,44008
655,Amabel,Livezey,752-89-7019,alivezeyi6@sina.com.cn,Female,74,Thoughtsphere,125,50340
656,Brendis,McCome,534-89-5057,bmccomei7@dailymotion.com,Male,49,Skyndu,121,32942
657,Kiersten,O'Mannion,768-04-2589,komannioni8@japanpost.jp,Female,96,Quatz,125,54340
658,Markos,Costi,242-47-5888,mcostii9@google.ca,Male,20,Wikido,121,98270
659,Eb,Doog,734-83-4653,edoogia@comcast.net,Male,95,Livepath,125,54028
660,Antoni,Bruinemann,725-74-9573,abruinemannib@nydailynews.com,Male,62,Eazzy,121,70596
661,Ewen,Goter,534-54-4526,egoteric@yale.edu,Male,84,Oozz,121,15451
662,Jaquelin,Iley,231-53-3744,jileyid@google.com.hk,Female,80,Voolia,121,60573
663,Gerome,MacCarter,396-08-9771,gmaccarterie@zdnet.com,Male,81,Fiveclub,121,92986
664,Dolly,Furlong,382-24-0716,dfurlongif@nsw.gov.au,Female,23,Edgepulse,121,24529
665,Flint,Roadknight,325-79-6369,froadknightig@edublogs.org,Male,6,Livefish,125,96961
666,Elfie,Swithenby,858-29-2253,eswithenbyih@stumbleupon.com,Female,54,Feedfire,125,88682
667,Linoel,Trevorrow,845-45-0384,ltrevorrowii@unc.edu,Male,90,Bubblebox,121,51886
668,Teena,Pedrazzi,379-19-2363,tpedrazziij@networkadvertising.org,Female,79,Viva,121,70086
669,Marna,McCleverty,150-29-8544,mmcclevertyik@fda.gov,Female,12,Skaboo,125,9057
670,Kora,Castleman,589-80-8061,kcastlemanil@cmu.edu,Female,48,Feedmix,125,96001
671,Pacorro,Weathers,484-83-8253,pweathersim@google.it,Male,59,Tazzy,121,8184
672,Alejoa,Shyre,321-81-5626,ashyrein@ca.gov,Male,68,Meevee,121,52603
673,Rasla,MacNeice,202-40-7476,rmacneiceio@ebay.co.uk,Female,9,Roomm,125,42863
674,Raye,Saffran,304-13-3055,rsaffranip@salon.com,Female,86,Browsecat,121,37437
675,Aaron,Riches,897-38-9486,arichesiq@reuters.com,Male,77,Dabjam,121,92359
676,Pierrette,Labat,569-81-3472,plabatir@booking.com,Female,20,Layo,121,7088
677,Delinda,Dana,156-59-4493,,Female,27,LiveZ,125,92540
678,Lindsy,Enderlein,134-55-0961,lenderleinit@booking.com,Female,28,Zoonder,125,2189
679,Suzy,Miebes,462-10-0985,,Female,93,Eidel,121,96229
680,Franny,O'Lehane,863-87-1870,folehaneiv@discovery.com,Female,71,Oyondu,121,83047
681,Bamby,Bascombe,679-19-6350,bbascombeiw@cnn.com,Female,81,Tazzy,125,73484
682,Loy,LaBastida,837-90-0856,llabastidaix@sina.com.cn,Male,93,Avavee,125,19148
683,Antoni,Ivakhno,420-34-3877,aivakhnoiy@mozilla.com,Male,39,Miboo,125,55786
684,Carroll,Scotchbrook,546-42-8712,cscotchbrookiz@dot.gov,Male,61,Jabberbean,125,79343
685,Chadwick,Van Schafflaer,391-15-0351,cvanschafflaerj0@google.co.uk,Male,7,Twitterbridge,121,46472
686,Standford,Diboll,801-28-7920,sdibollj1@opera.com,Male,28,Vimbo,125,96133
687,Cordie,Sworne,422-05-4494,cswornej2@globo.com,Male,88,Brightbean,125,13175
688,Marleah,McVeighty,819-01-2135,mmcveightyj3@xinhuanet.com,Female,88,Vidoo,125,67702
689,Reggie,Dahl,141-46-2805,rdahlj4@mashable.com,Female,18,Zoonder,121,67027
690,Basilio,Dabrowski,112-16-9973,bdabrowskij5@irs.gov,Male,69,Devshare,121,16394
691,Milo,Porrett,375-32-8412,mporrettj6@independent.co.uk,Male,32,Chatterpoint,121,13573
692,Bernice,Pirrie,680-91-8858,bpirriej7@rakuten.co.jp,Female,14,Wordware,121,38076
693,Hanna,Headland,277-59-0478,hheadlandj8@yahoo.co.jp,Female,84,Tagtune,121,69120
694,Helli,Haberjam,380-53-9665,hhaberjamj9@thetimes.co.uk,Female,92,Flashspan,125,93542
695,Josefina,Woodwin,604-93-2914,jwoodwinja@i2i.jp,Female,31,Skalith,121,52439
696,Jacinta,Rakes,589-18-5799,jrakesjb@posterous.com,Female,35,Oyoloo,121,15577
697,Gar,Toal,337-39-5293,gtoaljc@youtube.com,Male,87,Reallinks,121,47858
698,Berget,Luxmoore,264-56-1157,bluxmoorejd@vkontakte.ru,Female,65,Eayo,125,88788
699,Estelle,Hadeke,405-16-3322,ehadekeje@apache.org,Female,69,Trunyx,125,68802
700,Bertie,Elwyn,284-98-9254,belwynjf@yahoo.co.jp,Female,49,Zoomcast,125,13000
701,Bernette,Swarbrigg,105-88-3586,bswarbriggjg@jimdo.com,Female,55,Vipe,125,38460
702,Aloysia,Chinnock,378-45-2190,achinnockjh@noaa.gov,Female,77,Photolist,125,65190
703,Killie,Whistan,299-26-1773,kwhistanji@bing.com,Male,36,Kare,121,99215
704,Kermy,Trustie,605-73-0528,ktrustiejj@nba.com,Male,28,Babbleblab,121,31793
705,Fredrick,Boath,803-13-1995,fboathjk@deliciousdays.com,Male,65,Agivu,121,59578
706,Fabiano,Cullum,734-16-7602,fcullumjl@columbia.edu,Male,68,Yodoo,125,8611
707,Benedicta,Minichi,659-79-9480,bminichijm@ovh.net,Female,75,Realfire,121,28875
708,Valdemar,Newarte,211-40-0671,vnewartejn@livejournal.com,Male,89,Fliptune,121,63659
709,Norris,Skeath,399-24-3542,nskeathjo@1688.com,Male,18,Mynte,125,5458
710,Tabbie,Hawkins,416-11-6375,thawkinsjp@dion.ne.jp,Male,23,Quatz,121,29135
711,Ernaline,Ghelardi,568-83-9910,,Female,38,Twitterbeat,121,16715
712,Mateo,Weekly,778-54-0067,,Male,90,Twiyo,121,22539
713,Sigfrid,Jannequin,549-64-0412,sjannequinjs@un.org,Male,18,Mydo,121,15104
714,Marshall,Ismay,587-68-6793,mismayjt@desdev.cn,Male,78,Skyndu,121,70358
715,Lesley,Wickstead,674-43-0704,,Male,35,Ainyx,125,25606
716,Heida,Rignoldes,303-82-7041,hrignoldesjv@walmart.com,Female,94,Shuffletag,125,35895
717,Hunt,Prester,400-59-5575,,Male,43,Skajo,121,26178
718,Caresse,Miquelet,216-38-2067,cmiqueletjx@hp.com,Female,35,Kwilith,121,59640
719,Christiano,Akett,548-22-0749,,Male,38,Twitterbridge,125,21270
720,Codi,Blakeden,494-70-1984,cblakedenjz@yelp.com,Female,58,Rhycero,121,45068
721,Alastair,Alekhov,140-39-4057,aalekhovk0@weather.com,Male,4,Kwideo,125,80460
722,Shelia,Glasscott,497-53-5164,sglasscottk1@google.nl,Female,89,Voolia,125,84798
723,Hester,Roo,718-59-4951,hrook2@ocn.ne.jp,Female,51,Devpulse,121,51511
724,Cordy,Birchenough,519-77-0046,cbirchenoughk3@statcounter.com,Male,36,Vimbo,121,30703
725,Riordan,Airey,277-74-7831,raireyk4@independent.co.uk,Male,5,Oba,121,56763
726,Dorris,Osbaldstone,507-18-3724,dosbaldstonek5@toplist.cz,Female,53,Babblestorm,121,61560
727,Paola,Symes,329-37-8785,psymesk6@geocities.com,Female,58,Shuffletag,125,2889
728,Hyacintha,Langtry,595-47-3843,hlangtryk7@nba.com,Female,37,Realblab,121,90788
729,Zebedee,Storm,634-66-9744,zstormk8@mac.com,Male,62,Meemm,121,3421
730,Herrick,Craighill,889-04-0972,,Male,81,Dynazzy,121,5840
731,Rob,Fuentez,425-24-6318,rfuentezka@techcrunch.com,Male,92,Wikido,121,94561
732,Mavra,Spaduzza,301-87-4833,mspaduzzakb@ning.com,Female,77,Topiclounge,121,35029
733,Gideon,Keable,248-21-8711,gkeablekc@adobe.com,Male,49,Tambee,125,68352
734,Jedidiah,Clarabut,532-27-6289,jclarabutkd@ihg.com,Male,70,Fivespan,121,72422
735,Gabriele,McGeneay,723-99-9790,gmcgeneayke@oakley.com,Male,27,Twitterworks,125,48484
736,Rochelle,Whiteman,281-45-7736,,Female,67,Topiclounge,125,91119
737,Florenza,Evenett,692-01-7568,fevenettkg@geocities.jp,Female,69,Fadeo,121,4979
738,Rodney,Goater,272-67-2029,rgoaterkh@webmd.com,Male,51,Livefish,125,70832
739,Cassius,McCooke,111-41-4313,cmccookeki@networkadvertising.org,Male,43,LiveZ,121,59753
740,Northrop,Fidoe,212-49-5543,nfidoekj@google.cn,Male,5,Ntag,121,85272
741,Zelig,Rigard,705-40-4330,,Male,78,Devpulse,125,77376
742,Stefanie,Sime,758-43-8290,ssimekl@hp.com,Female,57,Dabshots,125,81398
743,Davide,Heintsch,737-84-3068,dheintschkm@fc2.com,Male,10,Fadeo,121,15650
744,Debbie,Housiaux,405-47-4724,dhousiauxkn@reuters.com,Female,32,Rhybox,121,98038
745,Arabel,Gayden,317-98-2873,agaydenko@chron.com,Female,72,Eidel,121,34030
746,Patrice,Worledge,498-62-4075,pworledgekp@deliciousdays.com,Male,16,Avamba,125,57855
747,Rozelle,Manchester,453-64-1161,rmanchesterkq@home.pl,Female,70,Bubblemix,121,10826
748,Rebe,Abbe,188-21-2918,rabbekr@aol.com,Female,95,Mita,121,19898
749,Boonie,Fears,600-98-8267,bfearsks@nbcnews.com,Male,15,Centizu,125,26334
750,Gustavus,Hollingby,234-36-2035,ghollingbykt@howstuffworks.com,Male,25,Feedbug,121,30249
751,Darcy,Broadbridge,293-76-4178,dbroadbridgeku@jigsy.com,Male,76,Mynte,121,90816
752,Alfonse,Frederick,811-46-2609,afrederickkv@ebay.com,Male,31,Leenti,121,49550
753,Bronson,Goolding,123-95-1397,bgooldingkw@ibm.com,Male,60,Ainyx,121,47355
754,Harriot,Mahaddy,789-16-1714,hmahaddykx@intel.com,Female,44,Linkbuzz,125,4123
755,Gabbie,Pimmocke,321-67-3142,gpimmockeky@xinhuanet.com,Male,33,Fliptune,121,54752
756,Lewiss,Rigmand,577-41-8445,lrigmandkz@ed.gov,Male,2,Ainyx,121,88676
757,Orly,Pennington,660-02-6934,openningtonl0@yandex.ru,Female,4,Demizz,121,11007
758,Lyle,Fereday,566-27-6346,lferedayl1@berkeley.edu,Male,99,Edgeclub,125,76861
759,Herminia,Wilcinskis,214-72-1573,hwilcinskisl2@vkontakte.ru,Female,69,Oyoloo,121,35041
760,Emalia,Redhouse,477-84-6986,eredhousel3@i2i.jp,Female,66,Gabcube,125,58749
761,Johnny,Ritchard,406-64-2794,jritchardl4@comcast.net,Male,76,Edgeblab,125,1596
762,Thom,Stallworthy,102-30-1109,tstallworthyl5@facebook.com,Male,67,Lazz,121,73384
763,Jania,Christal,215-38-8959,jchristall6@mlb.com,Female,90,Tagcat,125,71511
764,Daryl,Gensavage,276-50-4981,dgensavagel7@tmall.com,Male,35,Yotz,125,93363
765,Marcelia,Lube,794-65-7011,mlubel8@mac.com,Female,40,Aimbu,121,94379
766,Ely,Merigon,211-87-4043,emerigonl9@studiopress.com,Male,94,Brightbean,125,85325
767,Abelard,Millthorpe,744-19-5014,amillthorpela@wikispaces.com,Male,98,Fiveclub,125,40691
768,Khalil,Learoyd,110-22-1994,klearoydlb@usa.gov,Male,3,Jabbersphere,125,95014
769,Peirce,Gibbins,206-65-7871,pgibbinslc@ibm.com,Male,90,Linkbuzz,125,9222
770,Nicholle,Tibalt,391-26-4925,ntibaltld@arstechnica.com,Female,44,Browseblab,125,54187
771,Honoria,Flaherty,737-38-2643,hflahertyle@soundcloud.com,Female,21,Vitz,125,10490
772,Celinda,Fairhurst,603-61-0502,,Female,94,Brainsphere,125,71978
773,Irwin,Varfolomeev,280-15-4255,,Male,33,Jabbersphere,121,9802
774,Edvard,Reboul,881-24-1263,ereboullh@who.int,Male,5,Flashpoint,125,34350
775,Wain,Spurritt,720-63-7259,wspurrittli@etsy.com,Male,20,Tagfeed,125,7279
776,Rivkah,Nottingam,390-95-6730,rnottingamlj@themeforest.net,Female,69,Eare,121,51490
777,Ola,Chieco,526-16-5952,ochiecolk@tamu.edu,Female,62,Gabvine,125,36144
778,Maurice,Stut,869-92-9510,mstutll@earthlink.net,Male,46,Vitz,125,81696
779,Eula,Tuttiett,489-09-0793,etuttiettlm@columbia.edu,Female,53,Tagopia,121,79556
780,Germain,Stickels,275-39-1237,gstickelsln@springer.com,Male,44,Quire,125,47194
781,Jamey,Wylie,516-62-1757,jwylielo@fema.gov,Male,89,Topdrive,121,24725
782,Dehlia,Wroughton,689-32-8943,dwroughtonlp@ted.com,Female,10,Topicshots,125,92394
783,Concettina,Mummery,328-97-4850,cmummerylq@nifty.com,Female,31,Mycat,121,31674
784,Monroe,Endicott,386-88-2539,,Male,27,Fivechat,121,85445
785,Benedikta,Ashwood,885-19-9900,bashwoodls@buzzfeed.com,Female,11,Buzzshare,125,30845
786,Shannon,Long,566-81-8736,slonglt@ow.ly,Female,57,Roodel,125,64582
787,Karmen,Whitlock,232-39-9090,kwhitlocklu@cargocollective.com,Female,14,Skinder,125,16069
788,Gussie,Hobell,212-48-6241,ghobelllv@linkedin.com,Female,14,Nlounge,121,19321
789,Jeremie,Shayler,829-41-1645,,Male,23,Rhycero,121,75323
790,Elroy,Fleg,438-45-7528,,Male,88,Pixonyx,121,47833
791,Valerye,Goadbie,798-54-5765,vgoadbiely@printfriendly.com,Female,78,Twinte,121,95201
792,Adda,Gallyon,796-23-2347,agallyonlz@ask.com,Female,8,Kaymbo,125,25769
793,Burr,Breedy,875-06-7527,,Male,66,Zoombeat,125,62931
794,Caldwell,Slessor,533-19-6767,,Male,81,Kayveo,125,89957
795,Emlen,O'Fallowne,374-76-4490,,Male,9,Twiyo,121,13547
796,Jarrad,Haggard,856-21-4067,jhaggardm3@addtoany.com,Male,70,Twimbo,125,64027
797,Dawna,Dunkerton,502-34-5421,ddunkertonm4@abc.net.au,Female,67,Camido,125,55310
798,Cleavland,Gommes,528-14-8606,cgommesm5@time.com,Male,67,Trudoo,125,64238
799,Hussein,Goffe,531-73-8918,hgoffem6@google.de,Male,72,Shufflester,121,55058
800,Rolando,Whardley,518-28-9792,rwhardleym7@unblog.fr,Male,15,Voonix,121,89655
801,Cozmo,Kincade,550-27-5800,ckincadem8@sourceforge.net,Male,48,Zoombox,125,42354
802,Frank,Dewan,553-87-6028,fdewanm9@yandex.ru,Male,76,Browseblab,125,76078
803,Augie,Sultana,674-01-7016,asultanama@blogger.com,Male,82,Flashdog,121,76523
804,Rayner,Readings,839-22-0185,rreadingsmb@mtv.com,Male,11,Fivechat,125,76518
805,Dannel,Terrill,328-75-7680,dterrillmc@omniture.com,Male,95,Janyx,125,11763
806,Hans,Zollner,834-65-5843,hzollnermd@rediff.com,Male,97,Minyx,125,18017
807,Ketty,Bachelor,274-27-2537,kbachelorme@liveinternet.ru,Female,67,Cogilith,125,44470
808,Bartie,MacDowall,800-36-2557,bmacdowallmf@google.cn,Male,60,Jabberbean,121,18619
809,Athena,Instone,153-64-4515,ainstonemg@lycos.com,Female,77,Mybuzz,125,81038
810,Brandice,Masters,328-16-0428,bmastersmh@networkadvertising.org,Female,51,Oba,125,42138
811,Yolande,Sorrie,779-36-0736,ysorriemi@mail.ru,Female,33,Buzzshare,125,47010
812,Donnie,Brose,721-09-9198,dbrosemj@sbwire.com,Male,33,Quamba,125,43946
813,Constantia,Romeril,653-51-6083,cromerilmk@google.co.jp,Female,48,Oyonder,121,89847
814,Terra,Swarbrick,786-73-2573,tswarbrickml@cmu.edu,Female,45,Centimia,125,64593
815,Dorene,Fomichyov,489-14-3260,dfomichyovmm@earthlink.net,Female,89,DabZ,125,89104
816,Boote,Stonary,499-47-9772,bstonarymn@stanford.edu,Male,82,Gabcube,125,66507
817,Nancee,Bamborough,510-86-4268,nbamboroughmo@bigcartel.com,Female,91,Skyba,121,22116
818,Cherey,Tallyn,484-76-3966,ctallynmp@engadget.com,Female,81,Kayveo,121,23314
819,Vonni,Sponer,520-99-5684,,Female,68,Edgewire,121,69598
820,Kyrstin,Aronowitz,553-99-5975,karonowitzmr@mac.com,Female,51,Photospace,125,4804
821,Clay,Lisimore,484-24-1485,clisimorems@nymag.com,Male,44,Cogidoo,125,16670
822,Hubey,Tolfrey,814-16-5743,,Male,73,Flashset,121,42
823,Alberik,MacAdam,817-67-6944,,Male,10,Rhyloo,125,93287
824,Vern,Cubitt,415-69-5864,vcubittmv@dell.com,Male,74,Reallinks,125,4620
825,Chancey,Everil,177-52-6046,ceverilmw@jiathis.com,Male,95,Meevee,121,88863
826,Hasty,Byart,659-48-8247,hbyartmx@psu.edu,Male,38,Twimbo,121,40370
827,Leeanne,Espasa,545-47-4015,lespasamy@jimdo.com,Female,55,Dynava,121,92834
828,Annadiana,Berfoot,804-03-2517,aberfootmz@symantec.com,Female,94,Voomm,121,49670
829,Merell,Rousell,101-90-0035,mrouselln0@github.io,Male,78,Dabtype,121,79957
830,Suzette,Skryne,146-04-8969,sskrynen1@nydailynews.com,Female,10,Mita,121,22723
831,Yvon,Fursey,299-91-1034,yfurseyn2@examiner.com,Male,39,Thoughtsphere,125,84960
832,Alic,Duchatel,460-40-2819,aduchateln3@marriott.com,Male,87,Oozz,125,29391
833,Lara,Lambrick,450-96-2116,llambrickn4@netlog.com,Female,27,Gigabox,121,34783
834,Balduin,Clineck,548-96-8253,bclineckn5@webeden.co.uk,Male,85,Voomm,125,82220
835,Ring,Cabrales,476-28-3531,rcabralesn6@cpanel.net,Male,29,Flashset,121,68267
836,Gibby,Derisley,415-53-6853,gderisleyn7@ow.ly,Male,38,Vipe,121,74909
837,Dal,Robertacci,776-65-9242,,Male,22,Jabberstorm,121,23500
838,Vitia,Despenser,890-82-7752,vdespensern9@skype.com,Female,33,Realbridge,125,65800
839,Nonna,Winspar,169-51-7567,nwinsparna@google.com.hk,Female,52,Roombo,121,39797
840,Ronda,Menilove,151-40-6397,rmenilovenb@answers.com,Female,97,Tagchat,125,84449
841,Ralf,Dametti,687-27-4982,rdamettinc@globo.com,Male,92,Brainsphere,125,80331
842,Clareta,Stoffer,838-54-4432,,Female,46,Rhybox,125,90598
843,Aldridge,Vivien,201-82-0661,avivienne@163.com,Male,41,Thoughtstorm,125,49729
844,Anna,Petracek,677-62-1361,apetraceknf@elegantthemes.com,Female,62,Realfire,121,48324
845,Mag,Gudeman,286-21-0986,mgudemanng@gnu.org,Female,100,Dabshots,121,24077
846,Bendicty,Bohlens,847-38-3042,bbohlensnh@tmall.com,Male,96,Miboo,121,17121
847,Cornell,Lamonby,290-17-1875,clamonbyni@multiply.com,Male,12,Divanoodle,121,74102
848,Townsend,Hindhaugh,180-98-6326,thindhaughnj@drupal.org,Male,84,Flashspan,121,59266
849,Emmi,Dearan,309-88-8121,,Female,18,Wikido,121,89742
850,Thorpe,Kamiyama,162-96-9080,,Male,49,Youspan,121,57464
851,Sasha,Alen,872-55-8101,salennm@uiuc.edu,Male,45,Camimbo,125,50834
852,Linell,Dabnor,720-79-4578,ldabnornn@go.com,Female,17,Livetube,121,304
853,Tabbie,Laurance,147-45-6460,tlauranceno@taobao.com,Female,13,Jabberbean,121,73530
854,Marika,Malinson,659-32-5986,mmalinsonnp@acquirethisname.com,Female,27,Avavee,125,95570
855,Emelina,Soldi,196-42-2890,,Female,23,Zoozzy,121,80043
856,Kristofer,MacParlan,221-54-1297,kmacparlannr@comcast.net,Male,78,Tazzy,125,49709
857,Sully,Klaessen,655-88-2677,sklaessenns@hhs.gov,Male,47,Divape,125,65229
858,Stormy,Cliff,262-15-1519,scliffnt@list-manage.com,Female,5,Chatterpoint,125,51077
859,Stanislaw,Spindler,610-08-9792,sspindlernu@opensource.org,Male,62,Centimia,125,37720
860,Alis,Viles,152-59-3729,avilesnv@archive.org,Female,33,InnoZ,121,2426
861,Jorry,Gross,446-78-7749,jgrossnw@oakley.com,Female,39,Fivespan,121,90821
862,Kalie,Planke,322-02-5717,,Female,63,Avavee,125,29552
863,Quill,Dinnies,313-41-1936,qdinniesny@gov.uk,Male,28,Quimba,125,94501
864,Rutherford,Baldock,543-10-8222,rbaldocknz@virginia.edu,Male,33,Gigaclub,121,38310
865,Pat,Fligg,584-68-5886,pfliggo0@purevolume.com,Male,93,Topiclounge,121,62025
866,Baldwin,Rathjen,403-87-8385,brathjeno1@hatena.ne.jp,Male,79,Thoughtstorm,121,81058
867,Liesa,Cutteridge,877-32-5524,,Female,25,Izio,121,79876
868,Bartholomew,Schaumann,260-71-9680,bschaumanno3@patch.com,Male,56,Tekfly,125,35099
869,Issie,Tubridy,774-87-3919,itubridyo4@behance.net,Female,93,Brainlounge,125,69023
870,Penn,Shovelbottom,373-84-5201,pshovelbottomo5@joomla.org,Male,46,Yambee,125,21979
871,Lucian,Margiotta,249-78-6520,lmargiottao6@webs.com,Male,93,Meezzy,125,61915
872,Glennie,Van der Beek,114-08-9197,gvanderbeeko7@rambler.ru,Female,18,Tanoodle,125,28593
873,Gill,Parades,749-99-3215,gparadeso8@newyorker.com,Male,91,Bubbletube,125,30179
874,Tomi,Gomer,458-68-6514,tgomero9@amazon.co.jp,Female,52,Cogilith,121,98207
875,Carmon,Ferrick,517-22-9994,,Female,55,Devbug,125,34737
876,Blair,Lonnon,679-72-8670,blonnonob@statcounter.com,Female,100,Zoombox,121,76736
877,Adria,Iglesiaz,826-71-8470,aiglesiazoc@free.fr,Female,89,Pixope,125,86159
878,Cori,Twinning,150-15-9904,ctwinningod@blog.com,Female,26,Viva,125,56726
879,Archy,Bamlett,198-98-0995,abamlettoe@over-blog.com,Male,81,Trudeo,125,86454
880,Scarlett,Legges,233-39-4987,sleggesof@webnode.com,Female,17,Teklist,121,74353
881,Ahmad,Haibel,701-29-3287,ahaibelog@gmpg.org,Male,82,Myworks,125,51163
882,Wendie,Tortis,660-26-1871,wtortisoh@friendfeed.com,Female,33,Zoomzone,121,90678
883,Randi,Willatts,838-09-7659,rwillattsoi@weebly.com,Female,10,Tavu,121,43156
884,Evvy,Blodgetts,795-97-9813,eblodgettsoj@ca.gov,Female,78,Thoughtbridge,125,54809
885,Aldridge,Jeffery,402-89-0760,ajefferyok@tiny.cc,Male,27,Edgepulse,125,40979
886,Lynnet,Corzon,116-29-3233,lcorzonol@constantcontact.com,Female,8,Tagpad,121,4959
887,Britni,Padkin,669-14-5521,,Female,59,Aimbo,121,54735
888,Drucy,Symmers,560-02-7166,dsymmerson@joomla.org,Female,29,Miboo,125,42623
889,Elana,Cavy,107-62-6748,ecavyoo@businesswire.com,Female,99,Dynazzy,121,7848
890,Florrie,Swepstone,105-07-6148,fswepstoneop@nbcnews.com,Female,72,Jaxworks,125,10021
891,Gib,Leeburn,838-23-3681,gleeburnoq@gravatar.com,Male,50,Trudeo,125,6912
892,Zacharia,Danielot,219-12-4108,zdanielotor@earthlink.net,Male,67,Quimm,121,99002
893,Job,McGowran,402-69-6734,jmcgowranos@infoseek.co.jp,Male,15,Livetube,125,46248
894,Kimball,Rickson,718-36-2139,kricksonot@soundcloud.com,Male,82,Cogilith,125,11259
895,Ronalda,Pittel,634-77-1137,rpittelou@berkeley.edu,Female,41,Linkbridge,125,77872
896,Danyelle,Filyukov,776-41-7427,dfilyukovov@cyberchimps.com,Female,11,Fivespan,125,33931
897,Lucian,Luce,815-42-5786,lluceow@samsung.com,Male,83,Ainyx,121,87056
898,Odell,Cantu,216-77-9576,ocantuox@shareasale.com,Male,76,Realblab,125,38115
899,Elka,Verling,686-51-2336,everlingoy@dot.gov,Female,20,Devpulse,121,90904
900,Ermanno,Alvarado,257-35-9105,,Male,65,Kamba,125,10724
901,Caroline,De Anesy,683-75-2212,cdeanesyp0@twitter.com,Female,70,Fadeo,125,6042
902,Evy,Stodd,800-78-3184,,Female,31,Npath,125,80184
903,Abbe,Sore,881-05-1087,asorep2@economist.com,Female,11,Mynte,121,13465
904,Simon,Carlton,753-09-0082,scarltonp3@cnn.com,Male,23,Twitterbeat,125,52214
905,Barrett,Zemler,885-96-1027,,Male,69,Livetube,125,76392
906,Melantha,Hacking,453-18-9864,mhackingp5@photobucket.com,Female,38,Skimia,121,6091
907,Tawsha,Scopes,318-87-6398,tscopesp6@census.gov,Female,94,Dabvine,125,53018
908,Cassondra,Basten,813-74-1835,cbastenp7@cornell.edu,Female,68,Zoombox,121,19417
909,Abdul,Scrivens,453-73-7677,ascrivensp8@posterous.com,Male,38,Vitz,125,42673
910,Laverne,Ochterlony,195-70-6607,lochterlonyp9@elpais.com,Female,93,Geba,121,65414
911,Danielle,Bastone,773-52-0160,dbastonepa@washingtonpost.com,Female,21,Voonte,125,81730
912,Itch,Simone,248-43-9809,isimonepb@sfgate.com,Male,40,Riffpedia,121,28636
913,Jobina,Siggery,480-69-7499,,Female,66,Realbridge,121,9785
914,Raine,Matevosian,136-78-4929,rmatevosianpd@telegraph.co.uk,Female,71,Yozio,121,87508
915,Pammi,Tilson,532-45-7989,ptilsonpe@usda.gov,Female,31,Kwinu,125,29629
916,Lemar,Thornewell,577-39-9942,lthornewellpf@google.cn,Male,91,Kwimbee,121,20334
917,Rafa,Mouncher,216-87-5525,rmouncherpg@infoseek.co.jp,Female,15,Zoozzy,125,8474
918,Julina,McClarence,282-80-9901,jmcclarenceph@tripod.com,Female,35,Quimm,121,62983
919,Elaina,Trigg,121-73-3534,etriggpi@tiny.cc,Female,19,Topiclounge,125,82730
920,Alice,Margrett,764-20-1870,amargrettpj@hc360.com,Female,70,Eazzy,121,52799
921,Jule,Boniface,181-23-0039,jbonifacepk@github.io,Male,36,Zoovu,121,6447
922,Darby,Exer,643-50-6262,dexerpl@nps.gov,Female,17,Edgeblab,125,6841
923,Frederich,Siaskowski,514-68-8718,,Male,70,Photofeed,125,17939
924,Kort,Shipston,262-81-4615,kshipstonpn@youku.com,Male,70,Yakitri,125,29448
925,Cecil,Astill,604-07-1972,castillpo@goo.gl,Female,20,Katz,121,19371
926,Read,Julien,385-46-0520,rjulienpp@chicagotribune.com,Male,58,Skinix,121,73980
927,Corinna,Goodrum,124-69-9535,cgoodrumpq@nifty.com,Female,89,Skilith,121,55116
928,Del,Sheerin,279-39-1395,dsheerinpr@tiny.cc,Female,49,Leexo,125,1847
929,Colette,Cranna,550-36-3291,,Female,74,Jazzy,125,97341
930,Abe,Aldridge,124-23-4321,aaldridgept@networkadvertising.org,Male,11,Linkbuzz,121,4633
931,Merwin,Horsey,618-80-3065,,Male,51,Voomm,125,37611
932,Cassey,Islip,309-21-5863,,Female,83,Mydeo,125,73862
933,Devlin,Slayny,809-43-5120,dslaynypw@ezinearticles.com,Male,39,Jatri,121,51293
934,Odele,Loweth,631-30-3699,olowethpx@amazon.de,Female,97,Zoombox,121,93336
935,Marvin,Sima,577-59-7959,msimapy@youku.com,Male,4,Demimbu,121,82956
936,Tandi,Rickett,742-47-7679,trickettpz@tiny.cc,Female,35,Flipbug,121,72460
937,Trace,Kenn,327-01-8943,tkennq0@friendfeed.com,Male,95,Quire,121,73330
938,Allin,Abdee,607-38-3791,aabdeeq1@cpanel.net,Male,36,LiveZ,125,65230
939,Lindi,Morales,503-29-5609,lmoralesq2@theglobeandmail.com,Female,39,Jabbercube,121,26825
940,Amber,Fensome,134-97-5939,afensomeq3@fda.gov,Female,19,Devshare,125,42999
941,Kalie,Dake,562-05-8408,kdakeq4@acquirethisname.com,Female,76,Dabjam,125,31439
942,Shelley,Van Castele,747-54-6997,svancasteleq5@ovh.net,Male,12,Jamia,125,7063
943,Denna,Schulz,557-58-3984,dschulzq6@amazon.co.uk,Female,35,Skippad,125,96672
944,Maggi,Munsey,280-16-3506,mmunseyq7@nyu.edu,Female,10,Photolist,121,76023
945,Knox,Keyser,172-74-5558,kkeyserq8@a8.net,Male,85,Brainverse,121,21496
946,Cullie,Flaune,621-47-5438,cflauneq9@tripod.com,Male,93,Demizz,121,22045
947,Kristofor,Brislane,303-83-5894,kbrislaneqa@aol.com,Male,61,Kaymbo,125,43222
948,Emelda,Olivetti,452-28-3723,,Female,79,Oozz,121,19393
949,Neilla,Davidek,274-85-3136,ndavidekqc@acquirethisname.com,Female,50,Voonyx,121,847
950,Mendy,Goscar,252-39-3521,mgoscarqd@exblog.jp,Male,57,Twitterbeat,121,28148
951,Tucker,Goretti,897-48-5435,tgorettiqe@omniture.com,Male,19,Gigashots,125,54053
952,Lacy,Dubery,436-96-1125,,Female,40,Leenti,121,25373
953,Kevina,Capenor,530-90-0889,kcapenorqg@g.co,Female,50,Voonix,121,72703
954,Deana,Antushev,259-67-4122,dantushevqh@geocities.com,Female,18,Dabvine,121,60252
955,Nils,Surgeoner,496-46-2533,nsurgeonerqi@phoca.cz,Male,18,Twitterlist,125,57055
956,Aliza,Brabant,311-76-8102,,Female,11,Skidoo,121,24071
957,Queenie,Rennles,874-67-3217,qrennlesqk@exblog.jp,Female,51,Meembee,125,95415
958,Rubetta,Chatenier,552-71-8795,rchatenierql@weather.com,Female,71,Fadeo,125,12773
959,Joly,Greep,646-57-0621,jgreepqm@springer.com,Female,24,Yakidoo,121,50268
960,Harmonie,Winslett,218-29-1485,hwinslettqn@narod.ru,Female,34,Fliptune,121,59438
961,Calida,MacDunleavy,699-56-9735,,Female,61,Minyx,125,64487
962,Leola,Petyanin,570-28-6313,lpetyaninqp@nbcnews.com,Female,23,Avavee,125,29521
963,Cullin,Raxworthy,803-20-3733,craxworthyqq@newsvine.com,Male,65,Vidoo,125,49918
964,Olin,Maliphant,433-09-4657,omaliphantqr@squidoo.com,Male,5,Demivee,121,42204
965,Sherm,Hacking,125-78-4648,shackingqs@wired.com,Male,86,BlogXS,125,45358
966,Karel,Doward,149-11-6988,kdowardqt@cmu.edu,Male,9,Janyx,125,21526
967,Rowe,Blunkett,147-36-4738,rblunkettqu@simplemachines.org,Female,54,Browsedrive,121,46614
968,Charis,Torns,227-88-9766,ctornsqv@furl.net,Female,45,Fliptune,121,10517
969,Tanny,Doughtery,765-90-6822,tdoughteryqw@e-recht24.de,Male,72,Youfeed,125,21959
970,Kristy,Kingham,853-31-7740,,Female,68,Yodoo,125,88977
971,Gwenora,Stitch,752-20-7901,gstitchqy@state.tx.us,Female,83,Realbridge,121,16508
972,Ignacio,Ramsay,866-08-7134,,Male,52,Shufflester,121,22313
973,Moises,Alexandre,536-14-0310,malexandrer0@cloudflare.com,Male,7,Mydeo,125,33879
974,Phillie,Russ,458-67-7167,prussr1@nyu.edu,Female,29,Eabox,121,37398
975,Faye,Burlingame,887-30-5914,fburlingamer2@ycombinator.com,Female,18,Voolith,121,89516
976,Reade,Minichillo,751-26-0014,rminichillor3@baidu.com,Male,45,Wikibox,121,48776
977,Hilda,Storrs,662-16-0154,hstorrsr4@hud.gov,Female,16,Talane,121,27336
978,Charlena,Philcott,266-77-4963,cphilcottr5@shop-pro.jp,Female,29,Buzzbean,121,26585
979,Elbertine,Ramel,298-57-7954,eramelr6@ucsd.edu,Female,78,Thoughtstorm,121,60497
980,Tessa,Kearn,159-45-7144,,Female,86,Tazz,125,33474
981,Stanislaw,Blasik,545-41-7576,sblasikr8@free.fr,Male,30,Bubblebox,121,63504
982,Skipton,Botger,656-50-0595,,Male,17,Trudoo,121,66652
983,Corinna,O'Dyvoie,429-67-9650,codyvoiera@accuweather.com,Female,2,Blogpad,125,1383
984,Barnabe,Roydon,358-37-3516,broydonrb@google.ru,Male,85,Agivu,125,41718
985,Loree,Sergean,648-08-2504,lsergeanrc@people.com.cn,Female,60,Reallinks,121,98255
986,Annmarie,Philippault,848-01-5594,aphilippaultrd@wordpress.com,Female,38,Oba,121,42743
987,Harlin,Jelley,459-36-5030,hjelleyre@godaddy.com,Male,44,Dazzlesphere,121,45374
988,Lyssa,Franchioni,145-47-1692,lfranchionirf@army.mil,Female,6,Wordtune,121,64193
989,Kelley,Tooke,196-70-5197,ktookerg@theglobeandmail.com,Female,46,Meejo,125,91889
990,Hailee,Lattie,356-66-9672,hlattierh@umn.edu,Female,25,Realfire,121,96399
991,Hoebart,Sutherden,769-60-1941,,Male,94,Shufflester,125,54716
992,Kimble,Moir,851-51-7376,kmoirrj@si.edu,Male,97,Livepath,125,39594
993,Umberto,Davydzenko,497-80-2119,udavydzenkork@netscape.com,Male,33,Devpoint,121,59019
994,Curry,Gaylord,691-62-6743,cgaylordrl@ca.gov,Male,18,Topiczoom,121,45624
995,Agatha,Girone,405-58-0343,agironerm@tiny.cc,Female,46,Kayveo,125,5332
996,Nannette,Smalman,842-75-9798,nsmalmanrn@ocn.ne.jp,Female,31,Realpoint,125,62847
997,Bobinette,Gaskill,731-16-9722,bgaskillro@sourceforge.net,Female,59,Jaloo,121,60284
998,Gayleen,Collingworth,839-41-3132,gcollingworthrp@histats.com,Female,38,Skyble,125,90032
999,Brandais,Feld,655-49-9833,bfeldrq@washingtonpost.com,Female,73,Dynazzy,125,62727
1000,Barde,Kegg,478-39-2716,,Male,34,Flashdog,125,9319
